<?xml version="1.0" encoding="utf-8"?>
<parameters version="1.5" xsi:schemaLocation="http://www.wldelft.nl/fews/PI pi_modelparameters.xsd" xmlns:xsi="http://www.w3.org/2001/XMLSchema-instance" xmlns="http://www.wldelft.nl/fews/PI">
  <modifierType>BASEFLOW</modifierType>
  <modifierType>UNITHG</modifierType>
  <group id= "default">
    <parameter id="UHG_DURATION">
      <intValue>1</intValue>
    </parameter>
    <parameter id="UNIT">
      <stringValue>METRIC</stringValue>
    </parameter>
    <parameter id="UHG_INTERVAL">
      <intValue>1</intValue>
    </parameter>
    <parameter id="DRAINAGE_AREA">
      <dblValue>229.7</dblValue>
    </parameter>
    <parameter id="CONSTANT_BASE_FLOW">
      <dblValue>0.0</dblValue>
    </parameter>
    <parameter id="UHG_ORDINATES">
      <table>
        <columnTypes A="double"/>
        <row A="1.79"/>
        <row A="3.58"/>
        <row A="5.37"/>
        <row A="6.35"/>
        <row A="7.32"/>
        <row A="8.29"/>
        <row A="7.29"/>
        <row A="6.30"/>
        <row A="5.30"/>
        <row A="4.30"/>
        <row A="3.30"/>
        <row A="2.30"/>
        <row A="1.54"/>
        <row A="0.77"/>
        <row A="0.00"/>
      </table>
    </parameter>
  </group>
</parameters>
