<?xml version="1.0" encoding="utf-8"?>
<parameters version="1.5" xsi:schemaLocation="http://www.wldelft.nl/fews/PI pi_modelparameters.xsd" xmlns:xsi="http://www.w3.org/2001/XMLSchema-instance" xmlns="http://www.wldelft.nl/fews/PI">
    <modifierType>BASEFLOW</modifierType>
    <modifierType>UNITHG</modifierType>
    <group id= "default">
        <parameter id="UHG_DURATION">
            <dblValue>0.25</dblValue>
        </parameter>
        <parameter id="UNIT">
            <stringValue>METRIC</stringValue>
        </parameter>
        <parameter id="UHG_INTERVAL">
            <dblValue>0.25</dblValue>
        </parameter>
        <parameter id="DRAINAGE_AREA">
            <dblValue>13.1</dblValue>
        </parameter>
        <parameter id="CONSTANT_BASE_FLOW">
            <dblValue>0.0</dblValue>
        </parameter>
        <parameter id="UHG_ORDINATES">
            <table>
                <columnTypes A="double"/>
                <row A="2.47"/>
                <row A="7.42"/>
                <row A="2.97"/>
                <row A="1.24"/>
                <row A="0.40"/>
                <row A="0.10"/>
                <row A="0.00"/>
            </table>
        </parameter>
    </group>
</parameters>
