<?xml version="1.0" encoding="UTF-8"?>
<rtcObjectiveConfig xmlns:xsi="http://www.w3.org/2001/XMLSchema-instance" xmlns="http://www.wldelft.nl/fews" xsi:schemaLocation="http://www.wldelft.nl/fews ..\bin\rtcObjectiveConfig.xsd">
	<variables>
		<variable type="CONTINUOUS" id="PFac[0]"/>
		<variable type="CONTINUOUS" id="LZUpdate[0]"/>
		<variable type="CONTINUOUS" id="SMUpdate[0]"/>
		<variable type="CONTINUOUS" id="UZUpdate[0]"/>
	</variables>
	<constraints>
		<constraint>
			<boundVariable id="PFac[0]">
				<variable>PFac[0]</variable>
				<upperBound>$PFacX$</upperBound>
				<lowerBound>$PFacM$</lowerBound>
			</boundVariable>
		</constraint>
		<constraint>
			<boundVariable id="SMUpdate[0]">
				<variable>SMUpdate[0]</variable>
				<upperBound>$SMUpdateX$</upperBound>
				<lowerBound>$SMUpdateM$</lowerBound>
			</boundVariable>
		</constraint>
		<constraint>
			<boundVariable id="UZUpdate[0]">
				<variable>UZUpdate[0]</variable>
				<upperBound>$UZUpdateX$</upperBound>
				<lowerBound>$UZUpdateM$</lowerBound>
			</boundVariable>
		</constraint>
		<constraint>
			<boundVariable id="LZUpdate[0]">
				<variable>LZUpdate[0]</variable>
				<upperBound>$LZUpdateX$</upperBound>
				<lowerBound>$LZUpdateM$</lowerBound>
			</boundVariable>
		</constraint>
	</constraints>
	<terms>
		<!--update of model inputs-->
		<term>
			<absolute id="Update_P[0]">
				<weightingFactor>$wUpdate_P$</weightingFactor>
				<order>2.0</order>
				<setPoint>0.0</setPoint>
				<input>dP[0]</input>
			</absolute>
		</term>
		<!-- update of model states -->
		<term>
			<absolute id="Update_SM[0]">
				<weightingFactor>$wUpdate_SM$</weightingFactor>
				<order>2.0</order>
				<setPoint>0.0</setPoint>
				<input>SMUpdate[0]</input>
			</absolute>
		</term>
		<term>
			<absolute id="Update_UZ[0]">
				<weightingFactor>$wUpdate_UZ$</weightingFactor>
				<order>2.0</order>
				<setPoint>0.0</setPoint>
				<input>UZUpdate[0]</input>
			</absolute>
		</term>
		<term>
			<absolute id="Update_LZ[0]">
				<weightingFactor>$wUpdate_LZ$</weightingFactor>
				<order>2.0</order>
				<setPoint>0.0</setPoint>
				<input>LZUpdate[0]</input>
			</absolute>
		</term>
		<!--difference between observation and simulation-->
		<term>
			<absolute id="Delta_Q[0]">
				<weightingFactor>$wDelta_Q$</weightingFactor>
				<weightingFactorFinal>$wDelta_Q$</weightingFactorFinal>
				<order>2.0</order>
				<setPointSeries>Q_Zapotillo</setPointSeries>
				<input>QNodeSim[1]</input>
			</absolute>
		</term>
	</terms>
</rtcObjectiveConfig>
