<?xml version="1.0" encoding="UTF-8"?>
<rtcRuntimeConfig xmlns:xsi="http://www.w3.org/2001/XMLSchema-instance" xmlns:rtc="http://www.wldelft.nl/fews" xmlns="http://www.wldelft.nl/fews" xsi:schemaLocation="http://www.wldelft.nl/fews ../bin/rtcRuntimeConfig.xsd">
	<files>
		<rtcDataConfig name="rtcDataConfig.xml"/>
		<rtcObjectiveConfig name="rtcObjectiveConfig.xml"/>
		<rtcParameterConfig type="PIMODELPARAMETERS" name="rtcParameterConfig_HBV.xml"/>
		<rtcParameterConfig type="PIMODELPARAMETERS" name="rtcParameterConfig.xml"/>
		<rtcToolsConfig name="rtcToolsConfig.xml"/>
	</files>
	<period>
		<PIInput>
			<file>./timeseries_import.xml</file>
		</PIInput>
	</period>
	<mode>
		<optimization>
			<optimizer>
				<IPOPT>
					<output></output>
					<termination>
						<tol>1e-4</tol>
						<max_iter>250</max_iter>
					</termination>
					<nlpScaling></nlpScaling>
					<nlp></nlp>
					<initialization></initialization>
					<barrierParameter></barrierParameter>
					<multiplierUpdates></multiplierUpdates>
					<lineSearch></lineSearch>
					<warmStart></warmStart>
					<restorationPhase></restorationPhase>
					<linearSolver>
						<linear_solver>ma57</linear_solver>
					</linearSolver>
					<hessianPermutation></hessianPermutation>
					<quasiNewton></quasiNewton>
					<derivativeChecker></derivativeChecker>
				</IPOPT>
			</optimizer>
		</optimization>
	</mode>
	<logging>
		<logLevel>3</logLevel>
		<flushing>false</flushing>
	</logging>
</rtcRuntimeConfig>