<?xml version="1.0" encoding="UTF-8"?>
<rtcToolsConfig xmlns:xsi="http://www.w3.org/2001/XMLSchema-instance" xsi:schemaLocation="http://www.wldelft.nl/fews ../bin/rtcToolsConfig.xsd" xmlns="http://www.wldelft.nl/fews">
	<components>
		<component>
			<hbv template="Lempa_HBV" id="SubcuencaLempa">
				<parameterInput>
					<ECALT>0.0</ECALT>
					<ECORR>$ECORR$</ECORR>
					<PCALT>0.0</PCALT>
					<RFCF>$RFCF$</RFCF>
					<SFCF>$SFCF$</SFCF>
					<TCALT>0.006</TCALT>
					<TT>$TT$</TT>
					<TTI>$TTI$</TTI>
					<Z>0.0</Z>
					<ZREF>0.0</ZREF>
				</parameterInput>
				<parameterSnow>
					<CFMAX>$CFMAX$</CFMAX>
					<CFR>$CFR$</CFR>
					<CWH>$CWH$</CWH>
					<SCAMAX>40.0</SCAMAX>
					<TTM>$TM$</TTM>
				</parameterSnow>
				<parameterInterception>
					<LIC>$LIC$</LIC>
				</parameterInterception>
				<parameterSoil>
					<BETA>$BETA$</BETA>
					<CFLUX>$CFLUX$</CFLUX>
					<ETF>$ETF$</ETF>
					<FC>$FC$</FC>
					<LP>$LP$</LP>
				</parameterSoil>
				<parameterResponse>
					<ALPHA>$ALPHA$</ALPHA>
					<AREA>$AREA$</AREA>
					<K>$K$</K>
					<K1>$K1$</K1>
					<PERC>$PERC$</PERC>
				</parameterResponse>
				<input>
					<EP>$iEP$</EP>
					<P>$iP$</P>
					<T>$iT$</T>
					<TM>$iTM$</TM>
				</input>
				<state>
					<IC>$iIC$</IC>
					<LZ>$iLZ$</LZ>
					<SM>$iSM$</SM>
					<SP>$iSP$</SP>
					<UZ>$iUZ$</UZ>
					<WC>$iWC$</WC>
				</state>
				<stateUpdate>
					<LZ>$iLZUpdate$</LZ>
					<PFac>$iPFac$</PFac>
					<SM>$iSMUpdate$</SM>
					<UZ>$iUZUpdate$</UZ>
				</stateUpdate>
				<output>
					<DP>$idP$</DP>
					<Q>$iQ$</Q>
				</output>
			</hbv>
		</component>
		<!--flow routing-->
		<component>
			<routingNetwork id="Lempa_Routing">
				<theta>1.0</theta>
				<nodes template="Nodes">
					<node index="$index$" x="$x$" y="$y$" z="$z$"/>
				</nodes>
				<branches template="Branches">
					<branch index="$index$" mode="$mode$" nodeIndexUp="$nodeIndexUp$" nodeIndexDown="$nodeIndexDown$" k="$k$" eps="$eps$"/>
				</branches>
				<input template="Network_Input">
					<inflow nodeIndex="$nodeID$">$iQ$</inflow>
				</input>
				<output>
					<QBranchVector>QBranchSim</QBranchVector>
					<QNodeVector>QNodeSim</QNodeVector>
				</output>
			</routingNetwork>
		</component>
	</components>
</rtcToolsConfig>
