<?xml version="1.0" encoding="utf-8"?>
<parameters version="1.5" xsi:schemaLocation="http://www.wldelft.nl/fews/PI pi_modelparameters.xsd" xmlns:xsi="http://www.w3.org/2001/XMLSchema-instance" xmlns="http://www.wldelft.nl/fews/PI">
  <modifierType>BASEFLOW</modifierType>
  <modifierType>UNITHG</modifierType>
  <group id= "default">
    <parameter id="UHG_DURATION">
      <intValue>1</intValue>
    </parameter>
    <parameter id="UNIT">
      <stringValue>METRIC</stringValue>
    </parameter>
    <parameter id="UHG_INTERVAL">
      <intValue>1</intValue>
    </parameter>
    <parameter id="DRAINAGE_AREA">
      <dblValue>822.4</dblValue>
    </parameter>
    <parameter id="CONSTANT_BASE_FLOW">
      <dblValue>0.0</dblValue>
    </parameter>
    <parameter id="UHG_ORDINATES">
      <table>
        <columnTypes A="double"/>
        <row A="0.82"/>
        <row A="1.64"/>
        <row A="2.46"/>
        <row A="3.28"/>
        <row A="4.11"/>
        <row A="4.93"/>
        <row A="5.74"/>
        <row A="6.55"/>
        <row A="7.37"/>
        <row A="8.19"/>
        <row A="9.01"/>
        <row A="9.83"/>
        <row A="10.20"/>
        <row A="10.57"/>
        <row A="10.94"/>
        <row A="10.51"/>
        <row A="10.09"/>
        <row A="9.66"/>
        <row A="9.22"/>
        <row A="8.78"/>
        <row A="8.34"/>
        <row A="7.91"/>
        <row A="7.47"/>
        <row A="7.03"/>
        <row A="6.60"/>
        <row A="6.16"/>
        <row A="5.73"/>
        <row A="5.29"/>
        <row A="4.86"/>
        <row A="4.42"/>
        <row A="3.98"/>
        <row A="3.54"/>
        <row A="3.10"/>
        <row A="2.68"/>
        <row A="2.25"/>
        <row A="1.83"/>
        <row A="1.39"/>
        <row A="0.95"/>
        <row A="0.51"/>
        <row A="0.34"/>
        <row A="0.17"/>
        <row A="0.00"/>
      </table>
    </parameter>
  </group>
</parameters>
