<?xml version="1.0" encoding="utf-8"?>
<parameters version="1.5" xsi:schemaLocation="http://www.wldelft.nl/fews/PI pi_modelparameters.xsd" xmlns:xsi="http://www.w3.org/2001/XMLSchema-instance" xmlns="http://www.wldelft.nl/fews/PI">
  <modifierType>BASEFLOW</modifierType>
  <modifierType>UNITHG</modifierType>
  <group id= "default">
    <parameter id="UHG_DURATION">
      <intValue>1</intValue>
    </parameter>
    <parameter id="UNIT">
      <stringValue>METRIC</stringValue>
    </parameter>
    <parameter id="UHG_INTERVAL">
      <intValue>1</intValue>
    </parameter>
    <parameter id="DRAINAGE_AREA">
      <dblValue>293.0</dblValue>
    </parameter>
    <parameter id="CONSTANT_BASE_FLOW">
      <dblValue>0.0</dblValue>
    </parameter>
    <parameter id="UHG_ORDINATES">
      <table>
        <columnTypes A="double"/>
        <row A="2.29"/>
        <row A="4.57"/>
        <row A="6.86"/>
        <row A="8.10"/>
        <row A="9.34"/>
        <row A="10.58"/>
        <row A="9.31"/>
        <row A="8.03"/>
        <row A="6.76"/>
        <row A="5.49"/>
        <row A="4.21"/>
        <row A="2.94"/>
        <row A="1.96"/>
        <row A="0.98"/>
        <row A="0.00"/>
      </table>
    </parameter>
  </group>
</parameters>
