<?xml version="1.0" encoding="utf-8"?>
<parameters version="1.5" xsi:schemaLocation="http://www.wldelft.nl/fews/PI pi_modelparameters.xsd" xmlns:xsi="http://www.w3.org/2001/XMLSchema-instance" xmlns="http://www.wldelft.nl/fews/PI">
  <modifierType>BASEFLOW</modifierType>
  <modifierType>UNITHG</modifierType>
  <group id= "default">
    <parameter id="UHG_DURATION">
      <intValue>1</intValue>
    </parameter>
    <parameter id="UNIT">
      <stringValue>METRIC</stringValue>
    </parameter>
    <parameter id="UHG_INTERVAL">
      <intValue>1</intValue>
    </parameter>
    <parameter id="DRAINAGE_AREA">
      <dblValue>29.3</dblValue>
    </parameter>
    <parameter id="CONSTANT_BASE_FLOW">
      <dblValue>0.0</dblValue>
    </parameter>
    <parameter id="UHG_ORDINATES">
      <table>
        <columnTypes A="double"/>
        <row A="0.64"/>
        <row A="2.31"/>
        <row A="2.80"/>
        <row A="1.55"/>
        <row A="0.56"/>
        <row A="0.19"/>
        <row A="0.06"/>
        <row A="0.02"/>
        <row A="0.01"/>
        <row A="0.0"/>
      </table>
    </parameter>
  </group>
</parameters>