<?xml version="1.0" encoding="UTF-8"?>
<rtcDataConfig xmlns:xsi="http://www.w3.org/2001/XMLSchema-instance" xmlns:rtc="http://www.wldelft.nl/fews" xmlns="http://www.wldelft.nl/fews" xsi:schemaLocation="http://www.wldelft.nl/fews ../bin/rtcDataConfig.xsd">
	<import>
		<StateFile>
			<defaultValue>1.0</defaultValue>
		</StateFile>
		<PITimeSeriesFile>
			<timeSeriesFile>timeseries_import.xml</timeSeriesFile>
		</PITimeSeriesFile>
	</import>
	<export>
		<CSVTimeSeriesFile/>
		<PITimeSeriesFile>
			<timeSeriesFile>timeseries_export.xml</timeSeriesFile>
			<useBinFile>false</useBinFile>
		</PITimeSeriesFile>
	</export>
	<timeSeries id="Q_Zapotillo">
		<PITimeSeries import="true">
			<locationId>Zapotillo</locationId>
			<parameterId>Q</parameterId>
			<interpolationOption>LINEAR</interpolationOption>
		</PITimeSeries>
	</timeSeries>
	<timeSeries id="Q_Guajoyo">
		<PITimeSeries import="true">
			<locationId>CEL_01</locationId>
			<parameterId>Q.sim</parameterId>
			<interpolationOption>LINEAR</interpolationOption>
		</PITimeSeries>
	</timeSeries>
	<timeSeries id="Q_Tamarindo">
		<PITimeSeries import="true">
			<locationId>Tamarindo</locationId>
			<parameterId>Q</parameterId>
			<interpolationOption>LINEAR</interpolationOption>
		</PITimeSeries>
	</timeSeries>
	<timeSeries id="Lempa_P0">
		<PITimeSeries import="true">
			<locationId>SUB_MOD1</locationId>
			<parameterId>P.obs</parameterId>
			<interpolationOption>LINEAR</interpolationOption>
		</PITimeSeries>
	</timeSeries>
	<timeSeries id="Lempa_P1">
		<PITimeSeries import="true">
			<locationId>SUB_MOD2</locationId>
			<parameterId>P.obs</parameterId>
			<interpolationOption>LINEAR</interpolationOption>
		</PITimeSeries>
	</timeSeries>
	<timeSeries id="Lempa_T0">
		<PITimeSeries import="true">
			<locationId>SUB_MOD1</locationId>
			<parameterId>T.obs</parameterId>
			<interpolationOption>LINEAR</interpolationOption>
		</PITimeSeries>
	</timeSeries>
	<timeSeries id="Lempa_T1">
		<PITimeSeries import="true">
			<locationId>SUB_MOD2</locationId>
			<parameterId>T.obs</parameterId>
			<interpolationOption>LINEAR</interpolationOption>
		</PITimeSeries>
	</timeSeries>
	<timeSeries id="Lempa_EPW0">
		<PITimeSeries import="true">
			<locationId>SUB_MOD1</locationId>
			<parameterId>E.sim</parameterId>
			<interpolationOption>LINEAR</interpolationOption>
		</PITimeSeries>
	</timeSeries>
	<timeSeries id="Lempa_EPW1">
		<PITimeSeries import="true">
			<locationId>SUB_MOD2</locationId>
			<parameterId>E.sim</parameterId>
			<interpolationOption>LINEAR</interpolationOption>
		</PITimeSeries>
	</timeSeries>
	<timeSeries id="IC" vectorLength="2"/>
	<timeSeries id="LZ" vectorLength="2"/>
	<timeSeries id="SM" vectorLength="2"/>
	<timeSeries id="SP" vectorLength="2"/>
	<timeSeries id="UZ" vectorLength="2"/>
	<timeSeries id="WC" vectorLength="2"/>
	<timeSeries id="qSim" vectorLength="2"/>
	<timeSeries id="QBranchSim" vectorLength="4"/>
	<timeSeries id="QNodeSim" vectorLength="5">
		<PITimeSeries export="true">
			<locationId>QNodeSim</locationId>
			<parameterId>Q.sim</parameterId>
		</PITimeSeries>
	</timeSeries>
</rtcDataConfig>
