<?xml version="1.0" encoding="UTF-8"?>
<parameters xmlns:xsi="http://www.w3.org/2001/XMLSchema-instance" xmlns="http://www.wldelft.nl/fews/PI" xsi:schemaLocation="http://www.wldelft.nl/fews/PI ../bin/pi_modelparameters.xsd" version="1.5">
	<modifierType>MOD20</modifierType>
	<group id="default">
		<parameter id="Lempa_HBV">
			<table>
				<columnIds A="BASIN_ID" B="ECORR" C="RFCF" D="SFCF" E="TT" F="TTI" G="CFMAX" H="CFR" I="CWH" J="TM" K="LIC" L="BETA" M="CFLUX" N="ETF" O="FC" P="LP" Q="ALPHA" R="AREA" S="K" T="K1" U="PERC" V="iEP" W="iP" X="iT" Y="iTM" Z="iIC" AA="iLZ" AB="iSM" AC="iSP" AD="iUZ" AE="iWC" AF="iQ"/>
				<columnTypes A="string" B="double" C="double" D="double" E="double" F="double" G="double" H="double" I="double" J="double" K="double" L="double" M="double" N="double" O="double" P="double" Q="double" R="double" S="double" T="double" U="double" V="string" W="string" X="string" Y="string" Z="string" AA="string" AB="string" AC="string" AD="string" AE="string" AF="string"/>
				<row A="L0" B="$ECORR0$" C="$RFCF0$" D="$SFCF$" E="$TT$" F="$TTI$" G="$CFMAX0$" H="$CFR0$" I="$CWH0$" J="$TM0$" K="$LIC0$" L="$BETA0$" M="$CFLUX0$" N="$ETF0$" O="$FC0$" P="$LP0$" Q="$ALPHA0$" R="1678.77" S="$K0$" T="$K1_0$" U="$PERC0$" V="Lempa_EPW0" W="Lempa_P0" X="Lempa_T0" Y="Lempa_T0" Z="IC[0]" AA="LZ[0]" AB="SM[0]" AC="SP[0]" AD="UZ[0]" AE="WC[0]" AF="qSim[0]"/>
				<row A="L1" B="$ECORR1$" C="$RFCF1$" D="$SFCF$" E="$TT$" F="$TTI$" G="$CFMAX1$" H="$CFR1$" I="$CWH1$" J="$TM1$" K="$LIC1$" L="$BETA1$" M="$CFLUX1$" N="$ETF1$" O="$FC1$" P="$LP1$" Q="$ALPHA1$" R="1829.46" S="$K1$" T="$K1_1$" U="$PERC1$" V="Lempa_EPW1" W="Lempa_P1" X="Lempa_T1" Y="Lempa_T1" Z="IC[1]" AA="LZ[1]" AB="SM[1]" AC="SP[1]" AD="UZ[1]" AE="WC[1]" AF="qSim[1]"/>
			</table>
		</parameter>
		<parameter id="Network_Input">
			<table>
				<columnIds A="iQ" B="nodeID"/>
				<columnTypes A="string" B="int"/>
				<row A="qSim[0]" B="3"/>
				<row A="qSim[1]" B="4"/>
				<row A="Q_Guajoyo" B="0"/>
			</table>
		</parameter>
		<parameter id="Nodes">
			<table>
				<columnIds A="index" B="x" C="y" D="z"/>
				<columnTypes A="int" B="double" C="double" D="double"/>
				<row A="0" B="0.0" C="0.0" D="0.0"/>
				<row A="1" B="0.0" C="0.0" D="0.0"/>
				<row A="2" B="0.0" C="0.0" D="0.0"/>
				<row A="3" B="0.0" C="0.0" D="0.0"/>
				<row A="4" B="0.0" C="0.0" D="0.0"/>
			</table>
		</parameter>
		<parameter id="Branches">
			<table>
				<columnIds A="index" B="nodeIndexUp" C="nodeIndexDown" D="mode" E="k" F="eps"/>
				<columnTypes A="int" B="int" C="int" D="string" E="double" F="double"/>
				<!--concentration in basin-->
				<row A="2" B="3" C="1" D="MUSKINGUM" E="$k_B2$" F="$eps_B2$"/>
				<row A="3" B="4" C="2" D="MUSKINGUM" E="$k_B3$" F="$eps_B3$"/>
				<row A="0" B="0" C="1" D="MUSKINGUM" E="$k_B0$" F="$eps_B0$"/>
				<row A="1" B="1" C="2" D="MUSKINGUM" E="$k_B1$" F="$eps_B1$"/>
			</table>
		</parameter>
	</group>
</parameters>
