<?xml version="1.0" encoding="UTF-8"?>
<rtcRuntimeConfig xmlns:xsi="http://www.w3.org/2001/XMLSchema-instance" xmlns:rtc="http://www.wldelft.nl/fews" xmlns="http://www.wldelft.nl/fews" xsi:schemaLocation="http://www.wldelft.nl/fews ../bin/rtcRuntimeConfig.xsd">
	<files>
		<rtcDataConfig name="rtcDataConfig.xml"/>
		<rtcParameterConfig type="PIMODELPARAMETERS" name="rtcParameterConfig_HBV.xml"/>
		<rtcParameterConfig type="PIMODELPARAMETERS" name="rtcParameterConfig.xml"/>
		<rtcToolsConfig name="rtcToolsConfig.xml"/>
	</files>
	<period>
		<PIInput>
			<file>./timeseries_import.xml</file>
		</PIInput>
	</period>
	<mode>
		<simulation/>
	</mode>
	<logging>
		<logLevel>3</logLevel>
		<flushing>false</flushing>
	</logging>
</rtcRuntimeConfig>