<?xml version="1.0" encoding="utf-8"?>
<parameters version="1.5" xsi:schemaLocation="http://www.wldelft.nl/fews/PI pi_modelparameters.xsd" xmlns:xsi="http://www.w3.org/2001/XMLSchema-instance" xmlns="http://www.wldelft.nl/fews/PI">
  <modifierType>BASEFLOW</modifierType>
  <modifierType>UNITHG</modifierType>
  <group id= "default">
    <parameter id="UHG_DURATION">
      <intValue>1</intValue>
    </parameter>
    <parameter id="UNIT">
      <stringValue>METRIC</stringValue>
    </parameter>
    <parameter id="UHG_INTERVAL">
      <intValue>1</intValue>
    </parameter>
    <parameter id="DRAINAGE_AREA">
      <dblValue>896.4</dblValue>
    </parameter>
    <parameter id="CONSTANT_BASE_FLOW">
      <dblValue>0.0</dblValue>
    </parameter>
    <parameter id="UHG_ORDINATES">
      <table>
        <columnTypes A="double"/>
        <row A="2.74"/>
        <row A="5.48"/>
        <row A="8.22"/>
        <row A="10.52"/>
        <row A="12.83"/>
        <row A="15.13"/>
        <row A="16.95"/>
        <row A="18.76"/>
        <row A="20.58"/>
        <row A="19.39"/>
        <row A="18.20"/>
        <row A="17.01"/>
        <row A="15.16"/>
        <row A="13.32"/>
        <row A="11.48"/>
        <row A="10.08"/>
        <row A="8.68"/>
        <row A="7.29"/>
        <row A="5.79"/>
        <row A="4.28"/>
        <row A="2.78"/>
        <row A="2.03"/>
        <row A="1.27"/>
        <row A="0.52"/>
        <row A="0.34"/>
        <row A="0.17"/>
        <row A="0.00"/>
      </table>
    </parameter>
  </group>
</parameters>
