<?xml version="1.0" encoding="utf-8"?>
<parameters version="1.5" xsi:schemaLocation="http://www.wldelft.nl/fews/PI pi_modelparameters.xsd" xmlns:xsi="http://www.w3.org/2001/XMLSchema-instance" xmlns="http://www.wldelft.nl/fews/PI">
  <modifierType>BASEFLOW</modifierType>
  <modifierType>UNITHG</modifierType>
  <group id= "default">
    <parameter id="UHG_DURATION">
      <intValue>1</intValue>
    </parameter>
    <parameter id="UNIT">
      <stringValue>METRIC</stringValue>
    </parameter>
    <parameter id="UHG_INTERVAL">
      <intValue>1</intValue>
    </parameter>
    <parameter id="DRAINAGE_AREA">
      <dblValue>333.9</dblValue>
    </parameter>
    <parameter id="CONSTANT_BASE_FLOW">
      <dblValue>0.0</dblValue>
    </parameter>
    <parameter id="UHG_ORDINATES">
      <table>
        <columnTypes A="double"/>
        <row A="1.14"/>
        <row A="2.27"/>
        <row A="3.41"/>
        <row A="4.57"/>
        <row A="5.72"/>
        <row A="6.88"/>
        <row A="7.20"/>
        <row A="7.53"/>
        <row A="7.86"/>
        <row A="7.24"/>
        <row A="6.62"/>
        <row A="6.00"/>
        <row A="5.38"/>
        <row A="4.76"/>
        <row A="4.14"/>
        <row A="3.52"/>
        <row A="2.90"/>
        <row A="2.27"/>
        <row A="1.64"/>
        <row A="1.00"/>
        <row A="0.36"/>
        <row A="0.24"/>
        <row A="0.12"/>
        <row A="0.00"/>
      </table>
    </parameter>
  </group>
</parameters>
