<?xml version="1.0" encoding="utf-8"?>
<parameters version="1.5" xsi:schemaLocation="http://www.wldelft.nl/fews/PI pi_modelparameters.xsd" xmlns:xsi="http://www.w3.org/2001/XMLSchema-instance" xmlns="http://www.wldelft.nl/fews/PI">
  <modifierType>BASEFLOW</modifierType>
  <modifierType>UNITHG</modifierType>
  <group id= "default">
    <parameter id="UHG_DURATION">
      <intValue>1</intValue>
    </parameter>
    <parameter id="UNIT">
      <stringValue>METRIC</stringValue>
    </parameter>
    <parameter id="UHG_INTERVAL">
      <intValue>1</intValue>
    </parameter>
    <parameter id="DRAINAGE_AREA">
      <dblValue>343.5</dblValue>
    </parameter>
    <parameter id="CONSTANT_BASE_FLOW">
      <dblValue>0.0</dblValue>
    </parameter>
    <parameter id="UHG_ORDINATES">
      <table>
        <columnTypes A="double"/>
        <row A="2.36"/>
        <row A="4.73"/>
        <row A="7.09"/>
        <row A="8.85"/>
        <row A="10.60"/>
        <row A="12.36"/>
        <row A="10.97"/>
        <row A="9.59"/>
        <row A="8.20"/>
        <row A="6.85"/>
        <row A="5.50"/>
        <row A="4.15"/>
        <row A="2.77"/>
        <row A="1.38"/>
        <row A="0.00"/>
      </table>
    </parameter>
  </group>
</parameters>
