<?xml version="1.0" encoding="utf-8"?>
<parameters version="1.5" xsi:schemaLocation="http://www.wldelft.nl/fews/PI pi_modelparameters.xsd" xmlns:xsi="http://www.w3.org/2001/XMLSchema-instance" xmlns="http://www.wldelft.nl/fews/PI">
  <modifierType>BASEFLOW</modifierType>
  <modifierType>UNITHG</modifierType>
  <group id= "default">
    <parameter id="UHG_DURATION">
      <intValue>1</intValue>
    </parameter>
    <parameter id="UNIT">
      <stringValue>METRIC</stringValue>
    </parameter>
    <parameter id="UHG_INTERVAL">
      <intValue>1</intValue>
    </parameter>
    <parameter id="DRAINAGE_AREA">
      <dblValue>485.6</dblValue>
    </parameter>
    <parameter id="CONSTANT_BASE_FLOW">
      <dblValue>0.0</dblValue>
    </parameter>
    <parameter id="UHG_ORDINATES">
      <table>
        <columnTypes A="double"/>
        <row A="2.55"/>
        <row A="5.09"/>
        <row A="7.64"/>
        <row A="10.20"/>
        <row A="12.77"/>
        <row A="15.34"/>
        <row A="14.09"/>
        <row A="12.84"/>
        <row A="11.59"/>
        <row A="10.17"/>
        <row A="8.75"/>
        <row A="7.33"/>
        <row A="5.91"/>
        <row A="4.49"/>
        <row A="3.07"/>
        <row A="2.04"/>
        <row A="1.02"/>
        <row A="0.00"/>
      </table>
    </parameter>
  </group>
</parameters>
