<?xml version="1.0" encoding="utf-8"?>
<parameters version="1.5" xsi:schemaLocation="http://www.wldelft.nl/fews/PI pi_modelparameters.xsd" xmlns:xsi="http://www.w3.org/2001/XMLSchema-instance" xmlns="http://www.wldelft.nl/fews/PI">
  <modifierType>BASEFLOW</modifierType>
  <modifierType>UNITHG</modifierType>
  <group id= "default">
    <parameter id="UHG_DURATION">
      <intValue>1</intValue>
    </parameter>
    <parameter id="UNIT">
      <stringValue>METRIC</stringValue>
    </parameter>
    <parameter id="UHG_INTERVAL">
      <intValue>1</intValue>
    </parameter>
    <parameter id="DRAINAGE_AREA">
      <dblValue>467.7</dblValue>
    </parameter>
    <parameter id="CONSTANT_BASE_FLOW">
      <dblValue>0.0</dblValue>
    </parameter>
    <parameter id="UHG_ORDINATES">
      <table>
        <columnTypes A="double"/>
        <row A="3.22"/>
        <row A="6.44"/>
        <row A="9.66"/>
        <row A="12.05"/>
        <row A="14.44"/>
        <row A="16.83"/>
        <row A="14.94"/>
        <row A="13.06"/>
        <row A="11.17"/>
        <row A="9.33"/>
        <row A="7.49"/>
        <row A="5.66"/>
        <row A="3.77"/>
        <row A="1.89"/>
        <row A="0.00"/>
      </table>
    </parameter>
  </group>
</parameters>
