<?xml version="1.0" encoding="utf-8"?>
<parameters version="1.5" xsi:schemaLocation="http://www.wldelft.nl/fews/PI pi_modelparameters.xsd" xmlns:xsi="http://www.w3.org/2001/XMLSchema-instance" xmlns="http://www.wldelft.nl/fews/PI">
  <modifierType>BASEFLOW</modifierType>
  <modifierType>UNITHG</modifierType>
  <group id= "default">
    <parameter id="UHG_DURATION">
      <intValue>1</intValue>
    </parameter>
    <parameter id="UNIT">
      <stringValue>METRIC</stringValue>
    </parameter>
    <parameter id="UHG_INTERVAL">
      <intValue>1</intValue>
    </parameter>
    <parameter id="DRAINAGE_AREA">
      <dblValue>331.2</dblValue>
    </parameter>
    <parameter id="CONSTANT_BASE_FLOW">
      <dblValue>0.0</dblValue>
    </parameter>
    <parameter id="UHG_ORDINATES">
      <table>
        <columnTypes A="double"/>
        <row A="2.28"/>
        <row A="4.56"/>
        <row A="6.84"/>
        <row A="8.53"/>
        <row A="10.22"/>
        <row A="11.91"/>
        <row A="10.58"/>
        <row A="9.24"/>
        <row A="7.91"/>
        <row A="6.61"/>
        <row A="5.31"/>
        <row A="4.00"/>
        <row A="2.67"/>
        <row A="1.33"/>
        <row A="0.00"/>
      </table>
    </parameter>
  </group>
</parameters>
