<?xml version="1.0" encoding="utf-8"?>
<parameters version="1.5" xsi:schemaLocation="http://www.wldelft.nl/fews/PI pi_modelparameters.xsd" xmlns:xsi="http://www.w3.org/2001/XMLSchema-instance" xmlns="http://www.wldelft.nl/fews/PI">
  <group id="default">
<!-- from spreadsheet -->
    <parameter id="PXADJ">
      <dblValue>1</dblValue>
    </parameter>
    <parameter id="PEADJ">
      <dblValue>1</dblValue>
    </parameter>
    <parameter id="UZTWM">
      <dblValue>60</dblValue>
    </parameter>
    <parameter id="UZFWM">
      <dblValue>80</dblValue>
    </parameter>
    <parameter id="UZK">
      <dblValue>0.4</dblValue>
    </parameter> 
    <parameter id="PCTIM">
      <dblValue>0.03</dblValue>
    </parameter>  
    <parameter id="ADIMP">
      <dblValue>0.02</dblValue>
    </parameter>
    <parameter id="RIVA">
      <dblValue>0</dblValue>
    </parameter>
    <parameter id="ZPERC">
      <dblValue>60</dblValue>
    </parameter>
    <parameter id="REXP">
      <dblValue>2.3</dblValue>
    </parameter>
    <parameter id="LZTWM">
      <dblValue>200</dblValue>
    </parameter>    
    <parameter id="LZFSM">
      <dblValue>100</dblValue>
    </parameter>    
    <parameter id="LZFPM">
      <dblValue>240</dblValue>
    </parameter>    
    <parameter id="LZSK">
      <dblValue>0.1</dblValue>
    </parameter>    
    <parameter id="LZPK">
      <dblValue>0.004</dblValue>
    </parameter>
    <parameter id="PFREE">
      <dblValue>0.4</dblValue>
    </parameter>    
    <parameter id="SIDE">
      <dblValue>0</dblValue>
    </parameter>
    <parameter id="RSERV">
      <dblValue>0.3</dblValue>
    </parameter>
    <parameter id="EFC">
      <dblValue>0</dblValue>
    </parameter>
    <parameter id="ET_DEMAND_CURVE">
      <table>
        <columnTypes A="double"/>
        <row A="4.57"/>
        <row A="5.13"/>
        <row A="5.77"/>
        <row A="6.03"/>
        <row A="5.51"/>
        <row A="5.12"/>
        <row A="5.38"/>
        <row A="5.22"/>
        <row A="4.73"/>
        <row A="4.62"/>
        <row A="4.47"/>
        <row A="4.31"/>
      </table>
    </parameter>
<!-- other parameters -->
    <parameter id="RUNOFF_COMPONENT_INTERVAL">
      <intValue>1</intValue>
    </parameter>
    <parameter id="MAPE_INPUT">
      <boolValue>false</boolValue>
    </parameter>
    <parameter id="FROZEN_GROUND_CALC_OPTION">
      <boolValue>false</boolValue>
    </parameter>
    <parameter id="SASC_INPUT_OPTION">
      <boolValue>false</boolValue>
    </parameter>
    <parameter id="SMZC_INTERVAL">
      <intValue>1</intValue>
    </parameter>
  </group>
</parameters>