<?xml version="1.0" encoding="utf-8"?>
<parameters version="1.5" xsi:schemaLocation="http://www.wldelft.nl/fews/PI pi_modelparameters.xsd" xmlns:xsi="http://www.w3.org/2001/XMLSchema-instance" xmlns="http://www.wldelft.nl/fews/PI">
  <modifierType>BASEFLOW</modifierType>
  <modifierType>UNITHG</modifierType>
  <group id= "default">
    <parameter id="UHG_DURATION">
      <intValue>1</intValue>
    </parameter>
    <parameter id="UNIT">
      <stringValue>METRIC</stringValue>
    </parameter>
    <parameter id="UHG_INTERVAL">
      <intValue>1</intValue>
    </parameter>
    <parameter id="DRAINAGE_AREA">
      <dblValue>61.8</dblValue>
    </parameter>
    <parameter id="CONSTANT_BASE_FLOW">
      <dblValue>0.0</dblValue>
    </parameter>
    <parameter id="UHG_ORDINATES">
      <table>
        <columnTypes A="double"/>
        <row A="0.12"/>
        <row A="1.00"/>
        <row A="4.92"/>
        <row A="6.40"/>
        <row A="3.15"/>
        <row A="1.06"/>
        <row A="0.35"/>
        <row A="0.11"/>
        <row A="0.04"/>
        <row A="0.01"/>
        <row A="0.00"/>
      </table>
    </parameter>
  </group>
</parameters>
