<?xml version="1.0" encoding="UTF-8"?>
<treeVectorFile xmlns:xsi="http://www.w3.org/2001/XMLSchema-instance" xmlns="http://www.openda.org" xsi:schemaLocation="http://www.openda.org ../../../xsd/treeVector.xsd">
  <treeVector>
    <treeVectorLeaf id="Q_Zapotillo">
      <vector>NaN</vector>
    </treeVectorLeaf>
    <treeVectorLeaf id="Q_Guajoyo">
      <vector>30</vector>
    </treeVectorLeaf>
    <treeVectorLeaf id="Q_Tamarindo">
      <vector>NaN</vector>
    </treeVectorLeaf>
    <treeVectorLeaf id="Lempa_P0">
      <vector>0</vector>
    </treeVectorLeaf>
    <treeVectorLeaf id="Lempa_P1">
      <vector>0</vector>
    </treeVectorLeaf>
    <treeVectorLeaf id="Lempa_T0">
      <vector>20</vector>
    </treeVectorLeaf>
    <treeVectorLeaf id="Lempa_T1">
      <vector>20</vector>
    </treeVectorLeaf>
    <treeVectorLeaf id="Lempa_EPW0">
      <vector>3.9</vector>
    </treeVectorLeaf>
    <treeVectorLeaf id="Lempa_EPW1">
      <vector>4.3</vector>
    </treeVectorLeaf>
    <treeVectorLeaf id="IC[0]">
      <vector>1.0</vector>
    </treeVectorLeaf>
    <treeVectorLeaf id="IC[1]">
      <vector>1.0</vector>
    </treeVectorLeaf>
    <treeVectorLeaf id="LZ[0]">
      <vector>1.79529</vector>
    </treeVectorLeaf>
    <treeVectorLeaf id="LZ[1]">
      <vector>1.53685</vector>
    </treeVectorLeaf>
    <treeVectorLeaf id="SM[0]">
      <vector>10.0</vector>
    </treeVectorLeaf>
    <treeVectorLeaf id="SM[1]">
      <vector>10.0</vector>
    </treeVectorLeaf>
    <treeVectorLeaf id="SP[0]">
      <vector>0</vector>
    </treeVectorLeaf>
    <treeVectorLeaf id="SP[1]">
      <vector>0</vector>
    </treeVectorLeaf>
    <treeVectorLeaf id="UZ[0]">
      <vector>5</vector>
    </treeVectorLeaf>
    <treeVectorLeaf id="UZ[1]">
      <vector>5</vector>
    </treeVectorLeaf>
    <treeVectorLeaf id="WC[0]">
      <vector>0</vector>
    </treeVectorLeaf>
    <treeVectorLeaf id="WC[1]">
      <vector>0</vector>
    </treeVectorLeaf>
    <treeVectorLeaf id="qSim[0]">
      <vector>0.265537</vector>
    </treeVectorLeaf>
    <treeVectorLeaf id="qSim[1]">
      <vector>0.856605</vector>
    </treeVectorLeaf>
    <treeVectorLeaf id="QBranchSim[0]">
      <vector>0.265771</vector>
    </treeVectorLeaf>
    <treeVectorLeaf id="QBranchSim[1]">
      <vector>0.860391</vector>
    </treeVectorLeaf>
    <treeVectorLeaf id="QBranchSim[2]">
      <vector>30</vector>
    </treeVectorLeaf>
    <treeVectorLeaf id="QBranchSim[3]">
      <vector>30.2669</vector>
    </treeVectorLeaf>
    <treeVectorLeaf id="QNodeSim[0]">
      <vector>30</vector>
    </treeVectorLeaf>
    <treeVectorLeaf id="QNodeSim[1]">
      <vector>30.2658</vector>
    </treeVectorLeaf>
    <treeVectorLeaf id="QNodeSim[2]">
      <vector>31.1273</vector>
    </treeVectorLeaf>
    <treeVectorLeaf id="QNodeSim[3]">
      <vector>0.265537</vector>
    </treeVectorLeaf>
    <treeVectorLeaf id="QNodeSim[4]">
      <vector>0.856605</vector>
    </treeVectorLeaf>
  </treeVector>
</treeVectorFile>
