<?xml version="1.0" encoding="utf-8"?>
<parameters version="1.5" xsi:schemaLocation="http://www.wldelft.nl/fews/PI pi_modelparameters.xsd" xmlns:xsi="http://www.w3.org/2001/XMLSchema-instance" xmlns="http://www.wldelft.nl/fews/PI">
  <modifierType>BASEFLOW</modifierType>
  <modifierType>UNITHG</modifierType>
  <group id= "default">
    <parameter id="UHG_DURATION">
      <intValue>1</intValue>
    </parameter>
    <parameter id="UNIT">
      <stringValue>METRIC</stringValue>
    </parameter>
    <parameter id="UHG_INTERVAL">
      <intValue>1</intValue>
    </parameter>
    <parameter id="DRAINAGE_AREA">
      <dblValue>650.7</dblValue>
    </parameter>
    <parameter id="CONSTANT_BASE_FLOW">
      <dblValue>0.0</dblValue>
    </parameter>
    <parameter id="UHG_ORDINATES">
      <table>
        <columnTypes A="double"/>
        <row A="3.39"/>
        <row A="6.78"/>
        <row A="10.17"/>
        <row A="13.51"/>
        <row A="16.85"/>
        <row A="20.19"/>
        <row A="18.84"/>
        <row A="17.49"/>
        <row A="16.14"/>
        <row A="14.07"/>
        <row A="12.00"/>
        <row A="9.94"/>
        <row A="7.90"/>
        <row A="5.86"/>
        <row A="3.82"/>
        <row A="2.54"/>
        <row A="1.27"/>
        <row A="0.00"/>
      </table>
    </parameter>
  </group>
</parameters>
