<?xml version="1.0" encoding="utf-8"?>
<parameters version="1.5" xsi:schemaLocation="http://www.wldelft.nl/fews/PI pi_modelparameters.xsd" xmlns:xsi="http://www.w3.org/2001/XMLSchema-instance" xmlns="http://www.wldelft.nl/fews/PI">
  <modifierType>BASEFLOW</modifierType>
  <modifierType>UNITHG</modifierType>
  <group id= "default">
    <parameter id="UHG_DURATION">
      <intValue>1</intValue>
    </parameter>
    <parameter id="UNIT">
      <stringValue>METRIC</stringValue>
    </parameter>
    <parameter id="UHG_INTERVAL">
      <intValue>1</intValue>
    </parameter>
    <parameter id="DRAINAGE_AREA">
      <dblValue>464.7</dblValue>
    </parameter>
    <parameter id="CONSTANT_BASE_FLOW">
      <dblValue>0.0</dblValue>
    </parameter>
    <parameter id="UHG_ORDINATES">
      <table>
        <columnTypes A="double"/>
        <row A="1.90"/>
        <row A="3.80"/>
        <row A="5.70"/>
        <row A="7.57"/>
        <row A="9.45"/>
        <row A="11.32"/>
        <row A="11.29"/>
        <row A="11.27"/>
        <row A="11.24"/>
        <row A="10.20"/>
        <row A="9.15"/>
        <row A="8.11"/>
        <row A="7.04"/>
        <row A="5.97"/>
        <row A="4.90"/>
        <row A="3.85"/>
        <row A="2.81"/>
        <row A="1.77"/>
        <row A="1.18"/>
        <row A="0.59"/>
        <row A="0.00"/>
      </table>
    </parameter>
  </group>
</parameters>
