<?xml version="1.0" encoding="utf-8"?>
<parameters version="1.5" xsi:schemaLocation="http://www.wldelft.nl/fews/PI pi_modelparameters.xsd" xmlns:xsi="http://www.w3.org/2001/XMLSchema-instance" xmlns="http://www.wldelft.nl/fews/PI">
  <modifierType>BASEFLOW</modifierType>
  <modifierType>UNITHG</modifierType>
  <group id= "default">
    <parameter id="UHG_DURATION">
      <intValue>1</intValue>
    </parameter>
    <parameter id="UNIT">
      <stringValue>METRIC</stringValue>
    </parameter>
    <parameter id="UHG_INTERVAL">
      <intValue>1</intValue>
    </parameter>
    <parameter id="DRAINAGE_AREA">
      <dblValue>831.9</dblValue>
    </parameter>
    <parameter id="CONSTANT_BASE_FLOW">
      <dblValue>0.0</dblValue>
    </parameter>
    <parameter id="UHG_ORDINATES">
      <table>
        <columnTypes A="double"/>
        <row A="8.93"/>
        <row A="17.85"/>
        <row A="26.78"/>
        <row A="28.85"/>
        <row A="30.92"/>
        <row A="33.00"/>
        <row A="27.10"/>
        <row A="21.19"/>
        <row A="15.29"/>
        <row A="10.85"/>
        <row A="6.41"/>
        <row A="1.96"/>
        <row A="1.31"/>
        <row A="0.65"/>
        <row A="0.00"/>
      </table>
    </parameter>
  </group>
</parameters>
