<?xml version="1.0" encoding="utf-8"?>
<parameters version="1.5" xsi:schemaLocation="http://www.wldelft.nl/fews/PI pi_modelparameters.xsd" xmlns:xsi="http://www.w3.org/2001/XMLSchema-instance" xmlns="http://www.wldelft.nl/fews/PI">
  <modifierType>BASEFLOW</modifierType>
  <modifierType>UNITHG</modifierType>
  <group id= "default">
    <parameter id="UHG_DURATION">
      <intValue>1</intValue>
    </parameter>
    <parameter id="UNIT">
      <stringValue>METRIC</stringValue>
    </parameter>
    <parameter id="UHG_INTERVAL">
      <intValue>1</intValue>
    </parameter>
    <parameter id="DRAINAGE_AREA">
      <dblValue>303.1</dblValue>
    </parameter>
    <parameter id="CONSTANT_BASE_FLOW">
      <dblValue>0.0</dblValue>
    </parameter>
    <parameter id="UHG_ORDINATES">
      <table>
        <columnTypes A="double"/>
        <row A="2.36"/>
        <row A="4.73"/>
        <row A="7.09"/>
        <row A="8.38"/>
        <row A="9.66"/>
        <row A="10.94"/>
        <row A="9.63"/>
        <row A="8.31"/>
        <row A="6.99"/>
        <row A="5.67"/>
        <row A="4.36"/>
        <row A="3.04"/>
        <row A="2.03"/>
        <row A="1.01"/>
        <row A="0.00"/>
      </table>
    </parameter>
  </group>
</parameters>
