Location Names,San Marcos Lempa,Atalaya,El Piro,Sensunapan,Las Flores,Tamarindo,San Francisco,El Jocote,Paso del Oso,El Sauce,Puente Viejo,El Zapotillo,El Jobo,Hachadura,CitalaR,San Simon,El Naranjo,Chilama,Metayate,San Lorenzo,Banderas,Jalponga,Zoologico,La Bermeja,Belloso,Concepción de Oriente,Montecristo,Melara,San Isidro,Laquesera,Osicala,San Vicente,Pasaquina,La Canoa
Location Ids,10,104,106,108,11,12,125,129,143,17,18,2,20,21,250,253,255,256,257,258,260,263,264,267,28,38,59,86,88,89,9,90,91,92
Time,Level,Level,Level,Level,Level,Level,Level,Level,Level,Level,Level,Level,Level,Level,Level,Level,Level,Level,Level,Level,Level,Level,Level,Level,Level,Level,Level,Level,Level,Level,Level,Level,Level,Level
2022-03-01 07:00:00,1.35,0.85,0.08,1.19,1.46,2.75,1.56,0.72,1.84,1.19,0.29,0.72,1.49,1.64,0.82,0.32,2.19,1.04,1.11,1.33,0.5,2.23,0.02,0,-999,1.03,0.36,0.49,1.65,0.37,0.41,1.01,2.04,4.52
2022-03-01 07:05:00,-999,-999,-999,-999,-999,-999,-999,-999,-999,-999,-999,-999,-999,-999,-999,-999,-999,-999,-999,-999,-999,-999,-999,-999,-999,-999,-999,-999,-999,-999,0.41,-999,-999,-999
2022-03-01 07:10:00,-999,-999,-999,-999,-999,-999,-999,-999,-999,-999,-999,-999,-999,-999,-999,-999,-999,-999,-999,-999,-999,-999,-999,-999,-999,-999,-999,-999,-999,-999,0.41,-999,-999,-999
2022-03-01 07:15:00,1.32,0.85,0.08,1.18,1.46,2.74,1.56,0.72,1.83,1.19,0.29,0.73,1.49,1.71,0.81,0.32,2.2,1.04,1.12,1.34,0.5,2.23,0.03,0,-999,1.03,0.35,0.5,1.65,0.37,0.41,1.01,2.04,4.51
2022-03-01 07:20:00,-999,-999,-999,-999,-999,-999,-999,-999,-999,-999,-999,-999,-999,-999,-999,-999,-999,-999,-999,-999,-999,-999,-999,-999,-999,-999,-999,-999,-999,-999,0.41,-999,-999,-999
2022-03-01 07:25:00,-999,-999,-999,-999,-999,-999,-999,-999,-999,-999,-999,-999,-999,-999,-999,-999,-999,-999,-999,-999,-999,-999,-999,-999,-999,-999,-999,-999,-999,-999,0.41,-999,-999,-999
2022-03-01 07:30:00,1.3,0.85,0.08,1.18,1.46,2.73,1.56,0.72,1.83,1.19,0.29,0.72,1.49,1.81,0.82,0.32,2.24,1.04,1.12,1.33,0.5,2.23,0.03,0,0.18,1.03,0.36,0.49,1.66,0.37,0.41,1,2.04,4.51
2022-03-01 07:35:00,-999,-999,-999,-999,-999,-999,-999,-999,-999,-999,-999,-999,-999,-999,-999,-999,-999,-999,-999,-999,-999,-999,-999,-999,0.18,-999,-999,-999,-999,-999,0.41,-999,-999,-999
2022-03-01 07:40:00,-999,-999,-999,-999,-999,-999,-999,-999,-999,-999,-999,-999,-999,-999,-999,-999,-999,-999,-999,-999,-999,-999,-999,-999,0.18,-999,-999,-999,-999,-999,0.41,-999,-999,-999
2022-03-01 07:45:00,1.27,0.85,0.08,1.19,1.46,2.73,1.55,0.72,1.83,1.19,0.29,0.72,1.49,1.96,0.82,0.32,2.23,1.04,1.12,1.34,0.5,2.23,0.03,0,0.18,1.03,0.36,0.49,1.65,0.37,0.41,1.01,2.04,4.51
2022-03-01 07:50:00,-999,-999,-999,-999,-999,-999,-999,-999,-999,-999,-999,-999,-999,-999,-999,-999,-999,-999,-999,-999,-999,-999,-999,-999,0.17,-999,-999,-999,-999,-999,0.41,-999,-999,-999
2022-03-01 07:55:00,-999,-999,-999,-999,-999,-999,-999,-999,-999,-999,-999,-999,-999,-999,-999,-999,-999,-999,-999,-999,-999,-999,-999,-999,0.18,-999,-999,-999,-999,-999,0.41,-999,-999,-999
2022-03-01 08:00:00,1.24,0.85,0.08,1.18,1.46,2.72,1.57,0.72,1.83,1.19,0.29,0.72,1.49,1.65,0.81,0.32,2.21,1.04,1.12,1.34,0.5,2.23,0.04,0,0.18,1.03,0.36,0.49,1.66,0.37,0.41,1.01,2.04,4.52
2022-03-01 08:05:00,-999,-999,-999,-999,-999,-999,-999,-999,-999,-999,-999,-999,-999,-999,-999,-999,-999,-999,-999,-999,-999,-999,-999,-999,0.18,-999,-999,-999,-999,-999,0.41,-999,-999,-999
2022-03-01 08:10:00,-999,-999,-999,-999,-999,-999,-999,-999,-999,-999,-999,-999,-999,-999,-999,-999,-999,-999,-999,-999,-999,-999,-999,-999,0.18,-999,-999,-999,-999,-999,0.41,-999,-999,-999
2022-03-01 08:15:00,1.21,0.85,0.08,1.18,1.46,2.72,1.56,0.72,1.83,1.19,0.29,0.72,1.49,1.79,0.81,0.32,2.19,1.04,1.12,1.33,0.5,2.23,0.05,0,0.18,1.03,0.36,0.49,1.65,0.38,0.41,1.01,2.04,4.51
2022-03-01 08:20:00,-999,-999,-999,-999,-999,-999,-999,-999,-999,-999,-999,-999,-999,-999,-999,-999,-999,-999,-999,-999,-999,-999,-999,-999,0.18,-999,-999,-999,-999,-999,0.41,-999,-999,-999
2022-03-01 08:25:00,-999,-999,-999,-999,-999,-999,-999,-999,-999,-999,-999,-999,-999,-999,-999,-999,-999,-999,-999,-999,-999,-999,-999,-999,0.18,-999,-999,-999,-999,-999,0.41,-999,-999,-999
2022-03-01 08:30:00,1.19,0.86,0.08,1.18,1.46,2.72,1.56,0.72,1.83,1.19,0.29,0.72,1.49,1.59,0.81,0.32,2.17,1.04,1.12,1.33,0.5,2.23,0.05,0,0.18,1.03,0.36,0.49,1.65,0.37,0.41,1,2.04,4.51
2022-03-01 08:35:00,-999,-999,-999,-999,-999,-999,-999,-999,-999,-999,-999,-999,-999,-999,-999,-999,-999,-999,-999,-999,-999,-999,-999,-999,0.18,-999,-999,-999,-999,-999,0.41,-999,-999,-999
2022-03-01 08:40:00,-999,-999,-999,-999,-999,-999,-999,-999,-999,-999,-999,-999,-999,-999,-999,-999,-999,-999,-999,-999,-999,-999,-999,-999,0.17,-999,-999,-999,-999,-999,0.41,-999,-999,-999
2022-03-01 08:45:00,1.17,0.86,0.08,1.18,1.46,2.71,1.57,0.72,1.82,1.19,0.29,0.72,1.49,1.89,0.81,0.32,2.21,1.04,1.12,1.34,0.5,2.23,0.05,0,0.18,1.03,0.36,0.48,1.65,0.38,0.41,1,2.04,4.51
2022-03-01 08:50:00,-999,-999,-999,-999,-999,-999,-999,-999,-999,-999,-999,-999,-999,-999,-999,-999,-999,-999,-999,-999,-999,-999,-999,-999,0.18,-999,-999,-999,-999,-999,0.41,-999,-999,-999
2022-03-01 08:55:00,-999,-999,-999,-999,-999,-999,-999,-999,-999,-999,-999,-999,-999,-999,-999,-999,-999,-999,-999,-999,-999,-999,-999,-999,0.18,-999,-999,-999,-999,-999,0.41,-999,-999,-999
2022-03-01 09:00:00,1.14,0.86,0.08,1.17,1.46,2.7,1.56,0.72,1.82,1.19,0.29,0.72,1.48,1.85,0.82,0.32,2.23,1.04,1.12,1.33,0.5,2.23,0.05,0,0.18,1.03,0.36,0.47,1.65,0.38,0.41,1.01,2.04,4.52
2022-03-01 09:05:00,-999,-999,-999,-999,-999,-999,-999,-999,-999,-999,-999,-999,-999,-999,-999,-999,-999,-999,-999,-999,-999,-999,-999,-999,0.18,-999,-999,-999,-999,-999,0.41,-999,-999,-999
2022-03-01 09:10:00,-999,-999,-999,-999,-999,-999,-999,-999,-999,-999,-999,-999,-999,-999,-999,-999,-999,-999,-999,-999,-999,-999,-999,0,0.18,-999,-999,-999,-999,-999,0.41,-999,-999,-999
2022-03-01 09:15:00,1.12,0.86,0.08,1.17,1.46,2.7,1.57,0.72,1.82,1.19,0.29,0.72,1.48,1.63,0.82,0.32,2.2,1.04,1.12,1.33,0.5,2.23,0.05,0,0.18,1.03,0.36,0.46,1.66,0.38,0.41,1,2.04,4.52
2022-03-01 09:20:00,-999,-999,-999,-999,-999,-999,-999,-999,-999,-999,-999,-999,-999,-999,-999,-999,-999,-999,-999,-999,-999,-999,-999,-999,0.18,-999,-999,-999,-999,-999,0.41,-999,-999,-999
2022-03-01 09:25:00,-999,-999,-999,-999,-999,-999,-999,-999,-999,-999,-999,-999,-999,-999,-999,-999,-999,-999,-999,-999,-999,-999,-999,-999,0.18,-999,-999,-999,-999,-999,0.41,-999,-999,-999
2022-03-01 09:30:00,1.1,0.86,0.08,1.17,1.46,2.69,1.56,0.72,1.83,1.19,0.29,0.72,1.48,1.64,0.81,0.32,2.16,1.04,1.12,1.33,0.5,2.23,0.05,0,0.18,1.03,0.36,0.46,1.65,0.38,0.41,1,2.04,4.52
2022-03-01 09:35:00,-999,-999,-999,-999,-999,-999,-999,-999,-999,-999,-999,-999,-999,-999,-999,-999,-999,-999,-999,-999,-999,-999,-999,-999,0.18,-999,-999,-999,-999,-999,0.41,-999,-999,-999
2022-03-01 09:40:00,-999,-999,-999,-999,-999,-999,-999,-999,-999,-999,-999,-999,-999,-999,-999,-999,-999,-999,-999,-999,-999,-999,-999,-999,0.18,-999,-999,-999,-999,-999,0.41,-999,-999,-999
2022-03-01 09:45:00,1.08,0.86,0.08,1.17,1.46,2.68,1.56,0.72,1.82,1.19,0.3,0.72,1.48,1.68,0.82,0.32,2.18,1.04,1.12,1.33,0.5,2.23,0.05,0,0.18,1.03,0.36,0.47,1.66,0.37,0.41,1,2.04,4.52
2022-03-01 09:50:00,-999,-999,-999,-999,-999,-999,-999,-999,-999,-999,-999,-999,-999,-999,-999,-999,-999,-999,-999,-999,0.5,-999,-999,-999,0.18,-999,-999,-999,-999,-999,0.41,-999,-999,-999
2022-03-01 09:55:00,-999,-999,-999,-999,-999,-999,-999,-999,-999,-999,-999,-999,-999,-999,-999,-999,-999,-999,-999,-999,-999,-999,-999,-999,0.18,-999,-999,-999,-999,-999,0.41,-999,-999,-999
2022-03-01 10:00:00,1.05,0.86,0.08,1.17,1.46,2.67,1.56,0.72,1.82,1.19,0.3,0.71,1.48,1.68,0.82,0.32,2.17,1.04,1.12,1.33,0.5,2.23,0.05,0,0.18,1.03,0.36,0.46,1.65,0.37,0.41,1,2.04,4.53
2022-03-01 10:05:00,-999,-999,-999,-999,-999,-999,-999,-999,-999,-999,-999,-999,-999,-999,-999,-999,-999,-999,-999,-999,-999,-999,-999,-999,0.18,-999,-999,-999,-999,-999,0.41,-999,-999,-999
2022-03-01 10:10:00,-999,-999,-999,-999,-999,-999,-999,-999,-999,-999,-999,-999,-999,-999,-999,-999,-999,-999,-999,-999,-999,-999,-999,-999,0.18,-999,-999,-999,-999,-999,0.41,-999,-999,-999
2022-03-01 10:15:00,1.03,0.86,0.08,1.17,1.46,2.67,1.55,0.72,1.83,1.19,0.29,0.71,1.48,1.7,0.81,0.32,2.17,1.05,1.12,1.34,0.5,2.23,0.05,0,0.17,1.03,0.36,0.47,1.65,0.37,0.41,1,2.04,4.52
2022-03-01 10:20:00,-999,-999,-999,-999,-999,-999,-999,-999,1.83,-999,-999,-999,-999,-999,-999,-999,-999,-999,-999,-999,-999,-999,-999,-999,0.18,-999,-999,-999,-999,-999,0.41,-999,-999,-999
2022-03-01 10:25:00,-999,-999,-999,-999,-999,-999,-999,-999,-999,-999,-999,-999,-999,-999,-999,-999,-999,-999,-999,-999,-999,-999,-999,-999,0.18,-999,-999,-999,-999,-999,0.41,-999,-999,-999
2022-03-01 10:30:00,1.01,0.86,0.08,1.17,1.46,2.66,1.56,0.72,1.83,1.19,0.3,0.71,1.48,1.68,0.83,0.32,2.2,1.05,1.12,1.33,0.5,2.23,0.05,0,0.17,1.03,0.36,0.47,1.65,0.37,0.41,1,2.04,4.52
2022-03-01 10:35:00,-999,-999,-999,-999,-999,-999,-999,-999,-999,-999,-999,-999,-999,-999,-999,-999,-999,-999,-999,-999,-999,-999,-999,-999,0.18,-999,-999,-999,-999,-999,0.41,-999,-999,-999
2022-03-01 10:40:00,-999,-999,-999,-999,-999,-999,-999,-999,-999,-999,-999,-999,-999,-999,-999,-999,-999,-999,-999,-999,-999,-999,-999,-999,0.18,-999,-999,-999,-999,-999,0.41,-999,-999,-999
2022-03-01 10:45:00,0.99,0.86,0.08,1.17,1.46,2.65,1.56,0.72,1.83,1.19,0.3,0.71,1.48,1.68,0.81,0.32,2.2,1.05,1.12,1.33,0.49,2.23,0.05,0,0.17,1.03,0.36,0.47,1.65,0.38,0.41,1,2.04,4.52
2022-03-01 10:50:00,-999,-999,-999,-999,-999,-999,-999,-999,-999,-999,-999,-999,-999,-999,-999,-999,-999,-999,-999,-999,-999,-999,-999,-999,0.18,-999,-999,-999,-999,-999,0.41,-999,-999,-999
2022-03-01 10:55:00,-999,-999,-999,-999,-999,-999,-999,-999,-999,-999,-999,-999,-999,-999,-999,-999,-999,-999,-999,-999,-999,-999,-999,-999,0.18,-999,-999,-0.81,-999,-999,0.41,-999,-999,-999
2022-03-01 11:00:00,0.97,0.86,0.08,1.17,1.46,2.65,1.55,0.72,1.82,1.19,0.29,0.71,1.48,1.68,0.81,0.32,2.21,1.04,1.12,1.34,0.49,2.23,0.06,0,0.18,1.03,0.36,-0.81,1.65,0.38,0.41,1,2.04,4.53
2022-03-01 11:05:00,-999,-999,-999,-999,-999,-999,-999,-999,-999,-999,-999,-999,-999,-999,-999,-999,-999,-999,-999,-999,-999,-999,-999,-999,0.18,-999,-999,-999,-999,-999,0.41,-999,-999,-999
2022-03-01 11:10:00,-999,-999,-999,-999,1.46,-999,-999,-999,-999,-999,-999,-999,-999,-999,-999,-999,-999,-999,-999,-999,-999,-999,-999,-999,0.18,-999,-999,-999,-999,-999,0.41,-999,-999,-999
2022-03-01 11:15:00,0.96,0.86,0.08,1.16,1.47,2.64,1.56,0.72,1.83,1.19,0.3,0.72,1.48,1.68,0.82,0.32,2.19,1.04,1.12,1.34,0.49,2.23,0.06,0,0.18,1.03,0.36,-0.81,1.65,0.37,0.41,1,2.04,4.52
2022-03-01 11:20:00,-999,-999,-999,-999,-999,-999,-999,-999,-999,-999,-999,-999,-999,-999,-999,-999,-999,-999,-999,-999,-999,-999,-999,-999,0.18,-999,-999,-999,-999,-999,0.41,-999,-999,-999
2022-03-01 11:25:00,-999,-999,-999,-999,-999,-999,-999,-999,-999,-999,-999,-999,-999,-999,-999,-999,-999,-999,-999,-999,-999,-999,-999,-999,0.18,-999,-999,-999,-999,-999,0.41,-999,-999,-999
2022-03-01 11:30:00,0.94,0.86,0.08,1.16,1.46,2.63,1.56,0.72,1.82,1.19,0.3,0.72,1.48,1.68,0.81,0.32,2.2,1.04,1.12,1.33,0.49,2.23,0.06,0,0.17,1.03,0.36,-0.81,1.65,0.37,0.41,1,2.04,4.52
2022-03-01 11:35:00,-999,-999,-999,-999,-999,-999,-999,-999,-999,-999,-999,-999,-999,-999,-999,-999,-999,-999,-999,-999,-999,-999,-999,-999,0.18,-999,-999,-999,-999,-999,0.41,-999,-999,-999
2022-03-01 11:40:00,-999,-999,-999,-999,-999,-999,-999,-999,-999,-999,-999,-999,-999,-999,-999,-999,-999,-999,-999,-999,-999,-999,-999,-999,0.18,-999,-999,-999,-999,-999,0.41,-999,-999,-999
2022-03-01 11:45:00,0.92,0.86,0.08,1.16,1.47,2.63,1.55,0.72,1.83,1.19,0.3,0.72,1.48,1.69,0.81,0.32,2.23,1.05,1.12,1.33,0.49,2.23,0.06,0,0.18,1.03,0.36,-0.81,1.65,0.37,0.41,1,2.04,4.52
2022-03-01 11:50:00,-999,-999,-999,-999,-999,-999,-999,-999,-999,-999,-999,-999,-999,-999,-999,-999,-999,-999,-999,-999,-999,-999,-999,-999,0.18,-999,-999,-999,-999,-999,0.41,-999,-999,-999
2022-03-01 11:55:00,-999,-999,-999,-999,-999,-999,-999,-999,-999,-999,-999,-999,-999,-999,-999,-999,-999,-999,-999,-999,-999,-999,-999,-999,0.17,-999,-999,-999,-999,-999,0.41,-999,-999,-999
2022-03-01 12:00:00,0.9,0.86,0.08,1.16,1.46,2.62,1.55,0.73,1.82,1.19,0.3,0.72,1.48,1.68,0.81,0.32,2.21,1.42,1.12,1.33,0.49,2.23,0.06,0,0.18,1.03,0.36,-0.81,1.65,0.37,0.41,1,2.04,4.53
2022-03-01 12:05:00,-999,-999,-999,-999,-999,-999,-999,-999,-999,-999,-999,-999,-999,-999,-999,-999,-999,1.42,-999,-999,-999,-999,0.06,-999,0.18,-999,-999,-999,-999,-999,0.41,-999,-999,-999
2022-03-01 12:10:00,-999,-999,-999,-999,-999,-999,-999,-999,-999,-999,-999,-999,-999,-999,-999,-999,-999,1.05,-999,-999,-999,-999,-999,-999,0.18,-999,-999,-999,-999,-999,0.41,-999,-999,-999
2022-03-01 12:15:00,0.89,0.86,0.08,1.16,1.46,2.62,1.55,0.73,1.82,1.19,0.3,0.72,1.48,1.7,0.81,0.31,1.74,1.05,1.12,1.33,0.49,2.23,0.06,0,0.18,1.03,0.36,-0.81,1.65,0.37,0.41,1,2.04,4.52
2022-03-01 12:20:00,-999,-999,-999,-999,-999,-999,-999,-999,-999,-999,-999,-999,-999,-999,-999,-999,-999,-999,-999,-999,-999,-999,-999,-999,0.18,-999,-999,-999,-999,-999,0.41,-999,-999,-999
2022-03-01 12:25:00,-999,-999,-999,-999,-999,-999,-999,-999,-999,-999,-999,-999,-999,-999,-999,-999,-999,-999,-999,-999,-999,-999,-999,-999,0.18,-999,-999,-999,-999,-999,0.41,-999,-999,-999
2022-03-01 12:30:00,0.87,0.86,0.08,1.16,1.47,2.61,1.55,0.73,1.82,1.19,0.29,0.72,1.48,1.7,0.81,0.32,1.89,1.05,1.12,1.33,0.49,2.23,0.06,0,0.18,1.03,0.36,-0.81,1.65,0.37,0.41,1,2.04,4.52
2022-03-01 12:35:00,-999,-999,-999,-999,-999,-999,-999,-999,-999,-999,-999,-999,-999,-999,-999,-999,-999,-999,-999,-999,-999,-999,-999,-999,0.18,-999,-999,-999,-999,-999,0.41,-999,-999,-999
2022-03-01 12:40:00,-999,-999,-999,-999,-999,-999,-999,-999,-999,-999,-999,-999,-999,-999,-999,-999,-999,-999,-999,-999,-999,-999,-999,-999,0.18,-999,-999,-999,-999,-999,0.41,-999,-999,-999
2022-03-01 12:45:00,0.86,0.86,0.08,1.16,1.46,2.61,1.55,0.73,1.82,1.19,0.29,0.72,1.48,1.68,0.82,0.31,2.16,1.04,1.12,1.33,0.49,2.23,0.06,0,0.18,1.03,0.36,-0.81,1.65,0.37,0.41,1,2.04,4.52
2022-03-01 12:50:00,-999,-999,-999,-999,-999,-999,-999,-999,-999,-999,-999,-999,-999,-999,-999,-999,-999,-999,-999,-999,-999,-999,-999,-999,0.18,-999,-999,-999,-999,-999,0.41,-999,-999,-999
2022-03-01 12:55:00,-999,-999,-999,-999,-999,-999,-999,-999,-999,-999,-999,-999,-999,-999,-999,-999,-999,-999,-999,-999,-999,-999,-999,-999,0.18,-999,-999,-999,-999,-999,0.41,-999,-999,-999
2022-03-01 13:00:00,0.85,0.85,0.08,1.15,1.47,2.61,1.55,0.73,1.82,1.19,0.3,0.73,1.48,1.67,0.82,0.32,2.17,1.04,1.12,1.33,0.49,2.23,0.06,0,0.18,1.03,0.36,-0.81,1.65,0.37,0.41,1,2.04,4.53
2022-03-01 13:05:00,-999,-999,-999,-999,-999,-999,-999,-999,-999,-999,-999,-999,-999,-999,-999,-999,-999,-999,-999,-999,-999,-999,-999,-999,0.18,-999,-999,-999,-999,-999,0.41,-999,-999,-999
2022-03-01 13:10:00,-999,-999,-999,-999,-999,-999,-999,-999,-999,-999,-999,-999,-999,-999,-999,-999,-999,-999,-999,-999,-999,-999,-999,-999,0.18,-999,-999,-999,-999,-999,0.41,-999,-999,-999
2022-03-01 13:15:00,0.83,0.85,0.08,1.15,1.46,2.6,1.55,0.72,1.82,1.19,0.3,1.07,1.48,1.68,0.81,0.32,2.2,1.04,1.12,1.33,0.49,2.23,0.06,0,0.18,1.03,0.36,-0.81,1.65,0.37,0.41,1,2.04,4.52
2022-03-01 13:20:00,-999,-999,-999,-999,-999,-999,-999,-999,-999,-999,-999,1.07,-999,-999,-999,-999,-999,-999,-999,-999,-999,-999,-999,-999,0.18,-999,-999,-999,-999,-999,0.41,-999,-999,-999
2022-03-01 13:25:00,-999,-999,-999,-999,-999,-999,-999,-999,-999,-999,-999,-999,-999,-999,-999,-999,-999,-999,-999,-999,-999,-999,-999,-999,0.18,-999,-999,-999,-999,-999,0.42,-999,-999,-999
2022-03-01 13:30:00,0.82,0.85,0.08,1.15,1.46,2.6,1.55,0.72,1.82,1.19,0.3,1.07,1.48,1.7,0.81,0.32,2.23,1.04,1.12,1.33,0.49,2.23,0.06,0,0.18,1.03,0.36,-0.81,1.65,0.37,0.41,1,2.04,4.52
2022-03-01 13:35:00,-999,-999,-999,-999,-999,-999,-999,-999,-999,-999,-999,-999,-999,-999,-999,-999,-999,-999,-999,-999,-999,-999,-999,-999,0.18,-999,-999,-999,-999,-999,0.41,-999,-999,-999
2022-03-01 13:40:00,-999,-999,-999,-999,-999,-999,-999,-999,-999,-999,-999,-999,-999,-999,0.82,-999,-999,-999,-999,-999,-999,-999,-999,-999,0.18,-999,-999,-999,-999,-999,0.41,-999,-999,-999
2022-03-01 13:45:00,0.81,0.85,0.08,1.15,1.46,2.6,1.55,0.72,1.82,1.19,0.3,1.19,1.48,1.73,0.82,0.32,2.21,1.04,1.12,1.33,0.49,2.23,0.06,0,0.18,1.03,0.36,-0.81,1.65,0.37,0.41,1,2.04,4.52
2022-03-01 13:50:00,-999,-999,-999,-999,-999,-999,-999,-999,-999,-999,-999,-999,-999,-999,-999,-999,-999,-999,-999,-999,-999,-999,-999,-999,0.18,-999,-999,-999,-999,-999,0.41,-999,-999,-999
2022-03-01 13:55:00,-999,-999,-999,-999,-999,-999,-999,-999,-999,-999,-999,-999,-999,-999,-999,-999,-999,-999,-999,-999,-999,-999,-999,-999,0.18,-999,-999,-999,-999,-999,0.41,-999,-999,-999
2022-03-01 14:00:00,0.8,0.85,0.08,1.15,1.46,2.6,1.55,0.72,1.81,1.19,0.3,1.2,1.49,1.71,0.81,0.31,2.21,1.04,1.12,1.33,0.49,2.23,0.06,0,0.18,1.03,0.36,-0.81,1.65,0.37,0.41,1,2.04,4.53
2022-03-01 14:05:00,-999,-999,-999,-999,-999,-999,-999,-999,-999,-999,-999,-999,-999,-999,-999,-999,-999,-999,-999,-999,-999,-999,-999,-999,0.18,-999,-999,-999,-999,-999,0.41,-999,-999,-999
2022-03-01 14:10:00,-999,-999,-999,-999,-999,-999,-999,-999,-999,-999,-999,-999,-999,-999,-999,-999,-999,-999,-999,-999,-999,-999,-999,-999,0.18,-999,-999,-999,-999,-999,0.41,-999,-999,-999
2022-03-01 14:15:00,0.78,0.86,0.08,1.15,1.46,2.6,1.55,0.72,1.81,1.19,0.3,1.22,1.48,1.67,0.82,0.31,2.21,1.04,1.12,1.33,0.49,2.23,0.06,0,0.18,1.03,0.36,-0.81,1.65,0.37,0.41,1,2.04,-999
2022-03-01 14:20:00,-999,-999,-999,-999,-999,-999,-999,-999,-999,-999,-999,-999,-999,-999,-999,-999,-999,-999,-999,-999,-999,-999,-999,-999,0.18,-999,-999,-999,-999,-999,0.41,-999,-999,-999
2022-03-01 14:25:00,-999,-999,-999,-999,-999,-999,-999,-999,-999,-999,-999,-999,-999,-999,-999,-999,-999,-999,-999,-999,-999,-999,-999,-999,0.18,-999,-999,-999,-999,-999,0.41,-999,-999,-999
2022-03-01 14:30:00,0.77,0.86,0.08,1.15,1.46,2.59,1.55,0.72,1.82,1.19,0.3,1.24,1.48,1.74,0.79,0.31,2.21,1.04,1.12,1.33,0.49,2.23,0.06,0,0.18,1.03,0.36,-0.81,1.65,0.37,0.41,1,2.04,4.52
2022-03-01 14:35:00,-999,-999,-999,-999,-999,-999,-999,-999,-999,-999,-999,-999,-999,-999,-999,-999,-999,-999,-999,-999,-999,-999,-999,-999,0.18,-999,-999,-999,-999,-999,0.41,-999,-999,-999
2022-03-01 14:40:00,-999,-999,-999,-999,-999,-999,-999,-999,-999,-999,-999,-999,-999,-999,-999,-999,-999,-999,-999,-999,-999,-999,-999,-999,0.18,-999,-999,-999,-999,-999,0.41,-999,-999,-999
2022-03-01 14:45:00,0.76,0.86,0.08,1.15,1.46,2.59,1.55,0.72,1.82,1.19,0.3,1.27,1.48,1.63,0.82,0.37,2.21,1.04,1.12,1.33,0.49,2.23,0.06,0,0.18,1.03,0.36,-0.81,1.65,0.37,0.41,1,2.04,4.52
2022-03-01 14:50:00,-999,-999,-999,-999,-999,-999,-999,-999,-999,-999,-999,-999,-999,-999,-999,-999,-999,-999,-999,-999,-999,-999,-999,-999,0.18,-999,-999,-999,-999,-999,0.41,-999,-999,-999
2022-03-01 14:55:00,-999,-999,-999,-999,-999,-999,-999,-999,-999,-999,-999,-999,-999,-999,-999,-999,-999,-999,-999,-999,-999,-999,-999,-999,0.18,-999,-999,-999,-999,-999,0.41,-999,-999,-999
2022-03-01 15:00:00,0.75,0.86,0.08,1.15,1.46,2.59,1.55,0.72,1.81,1.19,0.3,1.26,1.48,1.65,0.8,0.43,2.21,1.04,1.12,1.33,0.49,2.23,0.05,0,0.18,1.03,0.36,-0.81,1.65,0.37,0.41,1,2.04,4.53
2022-03-01 15:05:00,-999,-999,-999,-999,-999,-999,-999,-999,-999,-999,-999,-999,-999,-999,-999,-999,-999,-999,-999,-999,-999,-999,-999,-999,0.18,-999,-999,-999,-999,-999,0.41,-999,-999,-999
2022-03-01 15:10:00,-999,-999,-999,-999,-999,-999,-999,-999,-999,-999,-999,-999,-999,-999,-999,-999,-999,-999,-999,-999,-999,-999,-999,-999,0.18,-999,-999,-999,-999,-999,0.41,-999,-999,-999
2022-03-01 15:15:00,0.74,0.86,0.08,1.15,1.46,2.59,1.55,0.72,1.81,1.19,0.3,1.22,1.48,1.65,0.81,0.44,2.21,1.04,1.12,1.33,0.49,2.23,0.05,0,0.18,1.03,0.36,-0.81,1.65,0.37,0.41,1,2.04,4.52
2022-03-01 15:20:00,-999,-999,-999,-999,-999,-999,-999,-999,-999,-999,-999,-999,-999,-999,-999,-999,-999,-999,-999,-999,-999,-999,-999,-999,0.18,-999,-999,-999,-999,-999,0.41,-999,-999,-999
2022-03-01 15:25:00,-999,-999,-999,-999,-999,-999,-999,-999,-999,-999,-999,-999,-999,-999,-999,-999,-999,-999,-999,-999,-999,-999,-999,-999,0.18,-999,-999,-999,-999,-999,0.41,-999,-999,-999
2022-03-01 15:30:00,0.73,0.85,0.08,1.15,1.46,2.59,1.55,0.73,1.82,1.19,0.3,1.2,1.48,1.65,0.81,0.45,2.21,1.04,1.12,1.33,0.49,2.23,0.05,0,0.18,1.03,0.36,-0.81,1.65,0.37,0.41,1,2.04,4.52
2022-03-01 15:35:00,-999,-999,-999,-999,-999,-999,-999,-999,-999,-999,-999,-999,-999,-999,-999,-999,-999,-999,-999,-999,-999,-999,-999,-999,0.18,-999,-999,-999,-999,-999,0.41,-999,-999,-999
2022-03-01 15:40:00,-999,-999,-999,-999,-999,-999,-999,-999,-999,-999,-999,-999,-999,-999,-999,-999,-999,-999,-999,-999,-999,-999,-999,-999,0.18,-999,-999,-999,-999,-999,0.41,-999,-999,-999
2022-03-01 15:45:00,0.72,0.85,0.08,1.15,1.46,2.59,1.55,0.73,2.07,1.19,0.3,1.16,1.48,1.68,0.81,0.45,2.22,1.04,1.12,1.33,0.49,2.23,0.06,0,0.18,1.03,0.36,-0.81,1.65,0.37,0.41,1,2.04,4.52
2022-03-01 15:50:00,-999,-999,-999,-999,-999,-999,-999,-999,-999,-999,-999,-999,-999,-999,-999,-999,-999,-999,-999,-999,-999,-999,-999,-999,0.18,-999,-999,-999,-999,-999,0.41,-999,-999,-999
2022-03-01 15:55:00,-999,-999,-999,-999,-999,-999,-999,-999,2.07,-999,-999,-999,-999,-999,-999,-999,-999,-999,-999,-999,-999,-999,-999,-999,0.18,-999,-999,-999,-999,-999,0.41,-999,-999,-999
2022-03-01 16:00:00,0.71,0.85,0.08,1.15,1.46,2.58,1.55,0.73,2.07,1.19,0.3,1.13,1.48,1.65,0.82,0.45,2.22,1.04,1.12,1.33,0.49,2.23,0.06,0,0.18,1.03,0.36,-0.81,1.65,0.37,0.41,1,2.04,4.52
2022-03-01 16:05:00,-999,-999,-999,-999,-999,-999,-999,-999,-999,-999,-999,-999,-999,-999,-999,-999,-999,-999,-999,-999,-999,-999,-999,-999,0.18,-999,-999,-999,-999,-999,0.41,-999,-999,-999
2022-03-01 16:10:00,-999,-999,-999,-999,-999,-999,-999,-999,-999,-999,-999,-999,-999,-999,-999,-999,-999,-999,-999,-999,-999,-999,-999,-999,0.18,-999,-999,-999,-999,-999,0.41,-999,-999,-999
2022-03-01 16:15:00,0.7,0.85,0.08,1.15,1.46,2.57,1.55,0.73,2.32,1.19,0.3,1.13,1.48,1.65,0.8,0.45,2.21,1.04,1.12,1.33,0.49,2.23,0.06,0,0.18,1.03,0.36,-0.81,1.65,0.37,0.41,1,2.04,4.52
2022-03-01 16:20:00,-999,-999,-999,-999,-999,-999,-999,-999,-999,-999,-999,-999,-999,-999,-999,-999,-999,-999,-999,-999,-999,-999,-999,-999,0.18,-999,-999,-999,-999,-999,0.41,-999,-999,-999
2022-03-01 16:25:00,-999,-999,-999,-999,-999,-999,-999,-999,-999,-999,-999,-999,-999,-999,-999,-999,-999,-999,-999,-999,-999,-999,-999,-999,0.18,-999,-999,-999,-999,-999,0.41,-999,-999,-999
2022-03-01 16:30:00,0.69,0.85,0.08,1.15,1.47,2.56,1.55,0.73,2.35,1.19,0.3,1.15,1.48,1.65,0.83,0.45,2.21,1.04,1.12,1.33,0.49,2.23,0.06,0,0.18,1.03,0.36,-0.81,1.65,0.37,0.41,1,2.04,4.52
2022-03-01 16:35:00,-999,-999,-999,-999,-999,-999,-999,-999,-999,-999,-999,-999,-999,-999,-999,-999,-999,-999,-999,-999,-999,-999,-999,-999,0.18,-999,-999,-999,-999,-999,0.41,-999,-999,-999
2022-03-01 16:40:00,-999,-999,-999,-999,-999,-999,-999,-999,-999,-999,-999,-999,-999,-999,-999,-999,-999,-999,-999,-999,-999,-999,-999,-999,0.18,-999,-999,-999,-999,-999,0.41,-999,-999,-999
2022-03-01 16:45:00,0.68,0.85,0.08,1.15,1.46,2.55,1.55,0.73,2.36,1.19,0.3,1.17,1.48,1.65,0.82,0.45,2.21,1.04,1.12,1.33,0.5,2.23,0.06,0,0.18,1.03,0.36,-0.81,1.65,0.37,0.41,1,2.04,4.52
2022-03-01 16:50:00,-999,-999,-999,-999,-999,-999,-999,-999,-999,-999,-999,-999,-999,-999,-999,-999,-999,-999,-999,-999,-999,-999,-999,-999,0.18,-999,-999,-999,-999,-999,0.41,-999,-999,-999
2022-03-01 16:55:00,-999,-999,-999,-999,-999,-999,-999,-999,-999,-999,-999,-999,-999,-999,-999,-999,-999,-999,-999,-999,-999,-999,-999,-999,0.18,-999,-999,-999,-999,-999,0.41,-999,-999,-999
2022-03-01 17:00:00,0.68,0.85,0.08,1.16,1.47,2.53,1.55,0.73,2.35,1.19,0.3,1.21,1.48,1.64,0.81,0.45,2.2,1.04,1.12,1.33,0.5,2.23,0.06,0,0.18,1.03,0.36,-0.81,1.65,0.37,0.41,1,2.04,4.52
2022-03-01 17:05:00,-999,-999,-999,-999,-999,-999,-999,-999,-999,-999,-999,-999,-999,-999,-999,-999,-999,-999,-999,-999,-999,-999,-999,-999,0.18,-999,-999,-999,-999,-999,0.41,-999,-999,-999
2022-03-01 17:10:00,-999,-999,-999,-999,-999,-999,-999,-999,-999,-999,-999,-999,-999,-999,-999,-999,-999,-999,-999,-999,-999,-999,-999,-999,0.18,-999,-999,-999,-999,-999,0.41,-999,-999,-999
2022-03-01 17:15:00,0.67,0.85,0.08,1.16,1.46,2.52,1.55,0.73,2.33,1.19,0.3,1.23,1.48,1.65,0.82,0.45,2.2,1.04,1.12,1.33,0.5,2.23,0.05,0,0.18,1.03,0.36,-0.81,1.65,0.37,0.41,1,2.04,4.52
2022-03-01 17:20:00,-999,-999,-999,-999,-999,-999,-999,-999,-999,-999,-999,-999,-999,-999,-999,-999,-999,-999,-999,-999,-999,-999,-999,-999,0.18,-999,-999,-999,-999,-999,0.41,-999,-999,-999
2022-03-01 17:25:00,-999,-999,-999,-999,-999,-999,-999,-999,-999,-999,-999,-999,-999,-999,-999,-999,-999,-999,-999,-999,-999,-999,-999,-999,0.18,-999,-999,-999,-999,-999,0.41,-999,-999,-999
2022-03-01 17:30:00,0.66,0.85,0.08,1.16,1.46,2.52,1.55,0.73,2.29,1.19,0.29,1.22,1.48,1.7,0.81,0.45,2.17,1.04,1.12,1.33,0.5,2.23,0.05,0,0.18,1.03,0.36,-0.81,1.65,0.37,0.41,1,2.04,4.52
2022-03-01 17:35:00,-999,-999,-999,-999,-999,-999,-999,-999,-999,-999,-999,-999,-999,-999,-999,-999,-999,-999,-999,-999,-999,-999,-999,-999,0.18,-999,-999,-999,-999,-999,0.41,-999,-999,-999
2022-03-01 17:40:00,-999,-999,-999,-999,-999,-999,-999,-999,-999,-999,-999,-999,-999,-999,-999,-999,-999,-999,-999,-999,-999,-999,-999,-999,0.18,-999,-999,-999,-999,-999,0.41,-999,-999,-999
2022-03-01 17:45:00,0.65,0.84,0.08,1.17,1.46,2.51,1.55,0.73,2.26,1.19,0.3,1.23,1.48,1.7,0.82,0.45,2.15,1.04,1.12,1.33,0.5,2.23,0.05,0,0.18,1.03,0.36,-0.81,1.65,0.37,0.41,1,2.04,4.52
2022-03-01 17:50:00,-999,-999,-999,-999,-999,-999,-999,-999,-999,-999,-999,-999,-999,-999,-999,-999,-999,-999,-999,-999,0.5,-999,-999,-999,0.18,-999,-999,-999,-999,-999,0.41,-999,-999,-999
2022-03-01 17:55:00,-999,-999,-999,-999,-999,-999,-999,-999,-999,-999,-999,-999,-999,-999,-999,-999,-999,-999,-999,-999,-999,-999,-999,-999,0.18,-999,-999,-999,-999,-999,0.41,-999,-999,-999
2022-03-01 18:00:00,0.64,0.84,0.08,1.17,1.46,2.51,1.55,0.73,2.24,1.19,0.29,1.22,1.48,1.71,0.82,0.45,2.18,1.04,1.12,1.33,0.5,2.23,0.05,0,0.18,1.03,0.36,-0.81,1.65,0.37,0.41,1,2.03,4.52
2022-03-01 18:05:00,-999,-999,-999,-999,-999,-999,-999,-999,-999,-999,-999,-999,-999,-999,-999,-999,-999,-999,-999,-999,-999,-999,-999,-999,0.18,-999,-999,-999,-999,-999,0.41,-999,-999,-999
2022-03-01 18:10:00,-999,-999,-999,-999,-999,-999,-999,-999,-999,-999,-999,-999,-999,-999,-999,-999,-999,-999,-999,-999,-999,-999,-999,-999,0.18,-999,-999,-999,-999,-999,0.41,-999,-999,-999
2022-03-01 18:15:00,0.64,0.84,0.08,1.17,1.46,2.5,1.55,0.73,2.24,1.19,0.29,1.2,1.48,1.63,0.81,0.46,2.2,1.04,1.12,1.34,0.5,2.23,0.05,0,0.18,1.03,0.36,-0.81,1.65,0.37,0.41,1,2.04,4.52
2022-03-01 18:20:00,-999,-999,-999,-999,-999,-999,-999,-999,-999,-999,-999,-999,-999,-999,-999,-999,-999,-999,-999,-999,-999,-999,-999,-999,0.18,-999,-999,-999,-999,-999,0.41,-999,-999,-999
2022-03-01 18:25:00,-999,-999,-999,-999,-999,-999,-999,-999,-999,-999,-999,-999,-999,-999,-999,-999,-999,-999,-999,-999,-999,-999,-999,-999,0.18,-999,-999,-999,-999,-999,0.41,-999,-999,-999
2022-03-01 18:30:00,0.63,0.84,0.08,1.17,1.46,2.5,1.55,0.73,2.24,1.19,0.29,1.18,1.48,1.81,0.81,0.46,2.18,1.04,1.12,1.34,0.5,2.23,0.04,0,0.18,1.03,0.36,-0.81,1.65,0.37,0.41,1,2.04,4.52
2022-03-01 18:35:00,-999,-999,-999,-999,-999,-999,-999,-999,-999,-999,-999,-999,-999,-999,-999,-999,-999,-999,-999,-999,-999,-999,-999,-999,0.18,-999,-999,-999,-999,-999,0.41,-999,-999,-999
2022-03-01 18:40:00,-999,-999,-999,-999,-999,-999,-999,-999,-999,-999,-999,-999,-999,-999,-999,-999,-999,-999,-999,-999,-999,-999,-999,-999,0.18,-999,-999,-999,-999,-999,0.41,-999,-999,-999
2022-03-01 18:45:00,0.62,0.84,0.08,1.16,-999,2.5,1.55,0.73,2.27,1.19,0.29,1.22,1.48,1.7,0.81,0.46,2.15,1.04,1.12,1.34,0.5,2.23,0.05,0,0.18,1.03,0.36,-0.81,1.65,0.37,0.41,1,2.03,4.52
2022-03-01 18:50:00,-999,-999,-999,-999,-999,-999,-999,-999,-999,-999,-999,-999,-999,-999,-999,-999,-999,-999,-999,-999,-999,-999,-999,-999,0.18,-999,-999,-999,-999,-999,0.41,-999,-999,-999
2022-03-01 18:55:00,-999,-999,-999,-999,-999,-999,-999,-999,-999,-999,-999,-999,-999,-999,-999,-999,-999,-999,-999,-999,-999,-999,-999,-999,0.18,-999,-999,-999,-999,-999,0.41,-999,-999,-999
2022-03-01 19:00:00,0.61,0.84,0.08,1.17,1.46,2.5,1.55,0.73,2.3,1.19,0.29,1.25,1.48,1.66,0.82,0.46,2.19,1.04,1.12,1.33,0.5,2.23,0.05,0,0.18,1.03,0.36,-0.81,1.65,0.37,0.41,1,2.04,4.52
2022-03-01 19:05:00,-999,-999,-999,-999,-999,-999,-999,-999,-999,-999,-999,-999,-999,-999,-999,-999,-999,-999,-999,-999,-999,-999,-999,-999,0.18,-999,-999,-999,-999,-999,0.41,-999,-999,-999
2022-03-01 19:10:00,-999,-999,-999,-999,1.46,-999,-999,-999,-999,-999,-999,-999,-999,-999,-999,-999,-999,-999,-999,-999,-999,-999,-999,-999,0.18,-999,-999,-999,-999,-999,0.41,-999,-999,-999
2022-03-01 19:15:00,0.61,0.84,0.08,1.16,1.47,2.5,1.55,0.73,2.33,1.19,0.29,1.26,1.48,1.63,0.81,0.46,2.2,1.04,1.12,1.33,0.5,2.23,0.05,0,0.18,1.03,0.36,-0.81,1.65,0.37,0.41,1,2.04,4.52
2022-03-01 19:20:00,-999,-999,-999,-999,-999,-999,-999,-999,-999,-999,-999,-999,-999,-999,-999,-999,-999,-999,-999,-999,-999,-999,-999,-999,0.18,-999,-999,-999,-999,-999,0.41,-999,-999,-999
2022-03-01 19:25:00,-999,-999,-999,-999,-999,-999,-999,-999,-999,-999,-999,-999,-999,-999,-999,-999,-999,-999,-999,-999,-999,-999,-999,-999,0.18,-999,-999,-999,-999,-999,0.41,-999,-999,-999
2022-03-01 19:30:00,0.6,0.84,0.08,1.17,1.46,2.5,1.55,0.73,2.34,1.19,0.29,1.23,1.48,1.67,0.82,0.46,2.17,1.04,1.12,1.33,0.5,2.23,0.05,0,0.18,1.03,0.36,-0.81,1.65,0.37,0.41,1,2.03,4.52
2022-03-01 19:35:00,-999,-999,-999,-999,-999,-999,-999,-999,-999,-999,-999,-999,-999,-999,-999,-999,-999,-999,-999,-999,-999,-999,-999,-999,0.18,-999,-999,-999,-999,-999,0.41,-999,-999,-999
2022-03-01 19:40:00,-999,-999,-999,-999,-999,-999,-999,-999,-999,-999,-999,-999,-999,-999,-999,-999,-999,-999,-999,-999,-999,-999,-999,-999,0.18,-999,-999,-999,-999,-999,0.41,-999,-999,-999
2022-03-01 19:45:00,0.59,0.84,0.08,1.17,1.46,2.5,1.55,0.73,2.34,1.18,0.28,1.19,1.48,1.63,0.81,0.46,2.14,1.04,1.12,1.33,0.5,2.23,0.05,0,0.18,1.03,0.36,-0.81,1.65,0.37,0.41,1,2.03,4.52
2022-03-01 19:50:00,-999,-999,-999,-999,-999,-999,-999,-999,-999,-999,-999,-999,-999,-999,-999,-999,-999,-999,-999,-999,-999,-999,-999,-999,0.18,-999,-999,-999,-999,-999,0.41,-999,-999,-999
2022-03-01 19:55:00,-999,-999,-999,-999,-999,-999,-999,-999,-999,-999,-999,-999,-999,-999,-999,-999,-999,-999,-999,-999,-999,-999,-999,-999,0.18,-999,-999,-999,-999,-999,0.41,-999,-999,-999
2022-03-01 20:00:00,0.59,0.84,0.08,1.17,1.46,2.5,1.55,0.73,2.32,1.18,0.28,1.18,1.48,2.01,0.82,0.46,2.19,1.04,1.12,1.33,0.5,2.23,0.05,0,0.18,1.03,0.36,-0.81,1.65,0.37,0.41,1,2.04,4.52
2022-03-01 20:05:00,-999,-999,0.08,-999,-999,-999,-999,-999,-999,-999,-999,-999,-999,-999,-999,-999,-999,-999,-999,-999,-999,-999,-999,-999,0.18,-999,-999,-999,-999,-999,0.41,-999,-999,-999
2022-03-01 20:10:00,-999,-999,-999,-999,-999,-999,-999,-999,-999,-999,-999,-999,-999,-999,-999,-999,-999,-999,-999,-999,-999,-999,-999,-999,0.18,-999,-999,-999,-999,-999,0.41,-999,-999,-999
2022-03-01 20:15:00,0.58,0.84,0.08,1.16,1.46,2.5,1.55,0.73,2.31,1.18,0.28,1.19,1.48,1.65,0.81,0.46,2.2,1.04,1.12,1.33,0.5,2.23,0.04,0,0.18,1.03,0.36,-0.81,1.65,0.37,0.41,0.99,2.04,4.51
2022-03-01 20:20:00,-999,-999,-999,-999,-999,-999,-999,-999,-999,-999,-999,-999,-999,-999,-999,-999,-999,-999,-999,-999,-999,-999,-999,-999,0.18,1.03,-999,-999,-999,-999,0.41,-999,-999,-999
2022-03-01 20:25:00,-999,-999,-999,-999,-999,-999,-999,-999,-999,-999,-999,-999,-999,-999,-999,-999,-999,-999,-999,-999,-999,-999,-999,-999,0.18,-999,-999,-999,-999,-999,0.41,-999,-999,-999
2022-03-01 20:30:00,0.58,0.84,0.08,1.16,1.46,2.5,1.55,0.74,2.31,1.18,0.28,1.2,1.48,1.64,0.81,0.46,2.17,1.04,1.12,1.33,0.5,2.23,0.04,0,0.18,1.03,0.36,-0.81,1.65,0.37,0.41,0.99,2.04,4.51
2022-03-01 20:35:00,-999,-999,-999,-999,-999,-999,-999,-999,-999,-999,-999,-999,-999,-999,-999,-999,-999,-999,-999,-999,-999,-999,-999,-999,0.18,-999,-999,-999,-999,-999,0.42,-999,-999,-999
2022-03-01 20:40:00,-999,-999,-999,-999,-999,-999,-999,-999,-999,-999,-999,-999,-999,-999,-999,-999,-999,-999,-999,-999,-999,-999,-999,-999,0.18,-999,-999,-999,-999,-999,0.41,-999,-999,-999
2022-03-01 20:45:00,0.57,0.85,0.08,1.16,-999,2.5,1.55,0.74,2.34,1.19,0.29,1.2,1.48,2.12,0.81,0.46,2.13,1.04,1.12,1.33,0.5,2.23,0.04,0,0.18,1.03,0.36,-0.81,1.65,0.37,0.41,1,2.04,4.51
2022-03-01 20:50:00,-999,-999,-999,-999,-999,-999,-999,-999,-999,-999,-999,-999,-999,-999,-999,-999,-999,-999,-999,-999,-999,-999,-999,-999,0.18,-999,-999,-999,-999,-999,0.41,-999,-999,-999
2022-03-01 20:55:00,-999,-999,-999,-999,-999,-999,-999,-999,-999,-999,-999,-999,-999,-999,-999,-999,-999,-999,-999,-999,-999,-999,-999,-999,0.18,-999,-999,-999,-999,-999,0.41,-999,-999,-999
2022-03-01 21:00:00,0.57,0.85,0.08,1.17,1.46,2.5,1.55,0.74,2.35,1.18,0.29,1.2,1.48,1.74,0.81,0.47,2.2,1.04,1.12,1.33,0.5,2.23,0.04,0,0.18,1.03,0.36,-0.81,1.65,0.37,0.41,1,2.04,4.52
2022-03-01 21:05:00,-999,-999,-999,-999,-999,-999,-999,-999,-999,-999,-999,-999,-999,-999,-999,-999,-999,-999,-999,-999,-999,-999,-999,-999,0.18,-999,-999,-999,-999,-999,0.41,-999,-999,-999
2022-03-01 21:10:00,-999,-999,-999,-999,-999,-999,-999,-999,-999,-999,-999,-999,-999,-999,-999,-999,-999,-999,-999,-999,-999,-999,-999,-999,0.18,-999,-999,-999,-999,-999,0.41,-999,-999,-999
2022-03-01 21:15:00,0.56,0.85,0.08,1.16,1.46,2.5,1.55,0.74,2.36,1.18,0.29,1.2,1.48,1.64,0.81,0.47,2.19,1.04,1.12,1.33,0.5,2.23,0.04,0,0.18,1.03,0.36,-0.81,1.65,0.37,0.41,1,2.03,4.51
2022-03-01 21:20:00,-999,-999,-999,-999,-999,-999,-999,-999,-999,-999,-999,-999,-999,-999,-999,-999,-999,-999,-999,-999,-999,-999,-999,-999,0.18,-999,-999,-999,-999,-999,0.41,-999,-999,-999
2022-03-01 21:25:00,-999,-999,-999,-999,-999,-999,-999,-999,-999,-999,-999,-999,-999,-999,-999,-999,-999,-999,-999,-999,-999,-999,-999,-999,0.18,-999,-999,-999,-999,-999,0.41,-999,-999,-999
2022-03-01 21:30:00,0.56,0.85,0.08,1.16,1.46,2.5,1.55,0.74,2.33,1.18,0.29,1.22,1.48,1.79,0.82,0.47,2.17,1.04,1.12,1.33,0.5,2.23,0.04,0,0.18,1.03,0.36,-0.81,1.65,0.37,0.41,0.99,2.04,4.51
2022-03-01 21:35:00,-999,-999,-999,-999,-999,-999,-999,-999,-999,-999,-999,-999,-999,-999,-999,-999,-999,-999,-999,-999,-999,-999,-999,-999,0.18,-999,-999,-999,-999,-999,0.41,-999,-999,-999
2022-03-01 21:40:00,-999,-999,-999,-999,-999,-999,-999,-999,-999,-999,-999,-999,-999,-999,0.82,-999,-999,-999,-999,-999,-999,-999,-999,-999,0.18,-999,-999,-999,-999,-999,0.41,-999,-999,-999
2022-03-01 21:45:00,0.56,0.85,0.08,1.16,1.46,2.5,1.55,0.74,2.31,1.18,0.29,1.24,1.48,1.61,0.81,0.47,2.16,1.04,1.12,1.33,0.5,2.23,0.04,0,0.18,1.03,0.36,-0.81,1.66,0.37,0.41,0.99,2.03,4.51
2022-03-01 21:50:00,-999,-999,-999,-999,-999,-999,-999,-999,-999,-999,-999,-999,-999,-999,-999,-999,-999,-999,-999,-999,-999,-999,-999,-999,0.18,-999,-999,-999,-999,-999,0.41,-999,-999,-999
2022-03-01 21:55:00,-999,-999,-999,-999,-999,-999,-999,-999,-999,-999,-999,-999,-999,-999,-999,-999,-999,-999,-999,-999,-999,-999,-999,-999,0.18,-999,-999,-999,-999,-999,0.41,-999,-999,-999
2022-03-01 22:00:00,0.55,0.85,0.08,1.16,1.46,2.5,1.55,0.74,2.3,1.18,0.29,1.24,1.48,1.67,0.81,0.47,2.2,1.04,1.12,1.33,0.49,2.23,0.04,0,0.18,1.03,0.36,-0.81,1.66,0.38,0.41,0.99,2.03,4.52
2022-03-01 22:05:00,-999,-999,-999,-999,-999,-999,-999,-999,-999,-999,-999,-999,-999,-999,-999,-999,-999,-999,-999,-999,-999,-999,-999,-999,0.18,-999,-999,-999,-999,-999,0.41,-999,-999,-999
2022-03-01 22:10:00,-999,-999,-999,-999,-999,-999,-999,-999,-999,-999,-999,-999,-999,-999,-999,-999,-999,-999,-999,-999,-999,-999,-999,-999,0.18,-999,-999,-999,-999,-999,0.41,-999,-999,-999
2022-03-01 22:15:00,0.56,0.85,0.08,1.16,1.46,2.5,1.55,0.74,2.31,1.18,0.29,1.23,1.48,2.05,0.81,0.47,2.19,1.04,1.12,1.33,0.49,2.23,0.04,0,0.18,1.03,0.36,-0.81,1.66,0.37,0.41,0.99,2.03,4.51
2022-03-01 22:20:00,-999,-999,-999,-999,-999,-999,-999,-999,-999,-999,-999,-999,-999,-999,-999,-999,-999,-999,-999,-999,-999,-999,-999,-999,0.18,-999,-999,-999,-999,-999,0.41,-999,-999,-999
2022-03-01 22:25:00,-999,-999,-999,-999,-999,-999,-999,-999,-999,-999,-999,-999,-999,-999,-999,-999,-999,-999,-999,-999,-999,-999,-999,-999,0.18,-999,-999,-999,-999,-999,0.41,-999,-999,-999
2022-03-01 22:30:00,0.57,0.85,0.08,1.16,1.46,2.5,1.55,0.74,2.31,1.18,0.29,1.19,1.48,1.62,0.82,0.47,2.16,1.04,1.12,1.33,0.49,2.23,0.05,0,0.18,1.03,0.36,-0.81,1.66,0.37,0.41,0.99,2.04,4.51
2022-03-01 22:35:00,-999,-999,-999,-999,-999,-999,-999,-999,-999,-999,-999,-999,-999,-999,-999,-999,-999,-999,-999,-999,-999,-999,-999,-999,0.18,-999,-999,-999,-999,-999,0.41,-999,-999,-999
2022-03-01 22:40:00,-999,-999,-999,-999,-999,-999,-999,-999,-999,-999,-999,-999,-999,-999,-999,-999,-999,-999,-999,-999,-999,-999,-999,-999,0.18,-999,-999,-999,-999,-999,0.41,-999,-999,-999
2022-03-01 22:45:00,0.6,0.85,0.08,1.16,1.46,2.5,1.55,0.74,2.3,1.18,0.28,1.12,1.48,1.63,0.82,0.47,2.18,1.04,1.12,1.33,0.49,2.23,0.05,0,0.18,1.03,0.36,-0.81,1.66,0.37,0.41,0.99,2.04,4.5
2022-03-01 22:50:00,-999,-999,-999,-999,-999,-999,-999,-999,-999,-999,-999,-999,-999,-999,-999,-999,-999,-999,-999,-999,-999,-999,-999,-999,0.18,-999,-999,-999,-999,-999,0.41,-999,-999,-999
2022-03-01 22:55:00,-999,-999,-999,-999,-999,-999,-999,-999,-999,-999,-999,-999,-999,-999,-999,-999,-999,-999,-999,-999,-999,-999,-999,-999,0.18,-999,-999,-999,-999,-999,0.41,-999,-999,-999
2022-03-01 23:00:00,0.63,0.85,0.08,1.16,-999,2.5,1.55,0.74,2.31,1.18,0.28,1.05,1.48,1.66,0.82,0.47,2.21,1.04,1.12,1.33,0.49,2.23,0.04,0,0.18,1.03,0.36,-0.81,1.66,0.37,0.41,0.99,2.03,4.51
2022-03-01 23:05:00,-999,-999,-999,-999,-999,-999,-999,-999,-999,-999,-999,-999,-999,-999,-999,-999,-999,-999,-999,-999,-999,-999,-999,-999,0.18,-999,-999,-999,-999,-999,0.41,-999,-999,-999
2022-03-01 23:10:00,-999,-999,-999,-999,-999,-999,-999,-999,-999,-999,-999,-999,-999,-999,-999,-999,-999,-999,-999,-999,-999,-999,-999,-999,0.18,-999,-999,-999,-999,-999,0.41,-999,-999,-999
2022-03-01 23:15:00,0.67,0.85,0.08,1.16,1.46,2.5,1.55,0.73,2.32,1.19,0.28,0.99,1.48,2.09,0.82,0.47,2.19,1.04,1.12,1.33,0.49,2.23,0.04,0,0.18,1.03,0.36,-0.81,1.66,0.38,0.41,0.99,2.04,4.5
2022-03-01 23:20:00,-999,-999,-999,-999,-999,-999,-999,-999,-999,-999,-999,-999,-999,-999,-999,-999,-999,-999,-999,-999,-999,-999,-999,-999,0.18,-999,-999,-999,-999,-999,0.41,-999,-999,-999
2022-03-01 23:25:00,-999,-999,-999,-999,-999,-999,-999,-999,-999,-999,-999,-999,-999,-999,-999,-999,-999,-999,-999,-999,-999,-999,-999,-999,0.18,-999,-999,-999,-999,-999,0.41,-999,-999,-999
2022-03-01 23:30:00,0.71,0.85,0.08,1.16,1.46,2.53,1.55,0.73,2.34,1.18,0.28,0.94,1.48,1.86,0.81,0.47,2.16,1.04,1.12,1.33,0.49,2.23,0.04,0,0.18,1.03,0.36,-0.81,1.66,0.37,0.41,0.99,2.03,4.5
2022-03-01 23:35:00,-999,-999,-999,-999,-999,-999,-999,-999,-999,-999,-999,-999,-999,-999,-999,-999,-999,-999,-999,-999,-999,-999,-999,-999,0.18,-999,-999,-999,-999,-999,0.41,-999,-999,-999
2022-03-01 23:40:00,-999,-999,-999,-999,-999,-999,-999,-999,-999,-999,-999,-999,-999,-999,-999,-999,-999,-999,-999,-999,-999,-999,-999,-999,0.18,-999,-999,-999,-999,-999,0.41,-999,-999,-999
2022-03-01 23:45:00,0.76,0.85,0.08,1.16,1.46,2.62,1.55,0.73,2.34,1.18,0.28,0.9,1.48,1.76,0.81,0.47,2.19,1.04,1.12,1.33,0.49,2.23,0.04,0,0.18,1.03,0.36,-0.81,1.66,0.38,0.41,0.99,2.03,4.5
2022-03-01 23:50:00,-999,-999,-999,-999,-999,-999,-999,-999,-999,-999,-999,-999,-999,-999,-999,-999,-999,-999,-999,-999,-999,-999,-999,-999,0.18,-999,-999,-999,-999,-999,0.41,-999,-999,-999
2022-03-01 23:55:00,-999,-999,-999,-999,-999,-999,-999,-999,-999,-999,-999,-999,-999,-999,-999,-999,-999,-999,-999,-999,-999,-999,-999,-999,0.18,-999,-999,-999,-999,-999,0.41,-999,-999,-999
2022-03-02 00:00:00,0.82,0.85,0.08,1.16,1.46,2.7,1.55,0.73,2.34,1.18,0.28,0.87,1.48,1.82,0.81,0.47,2.21,1.04,1.12,1.33,0.49,2.23,0.04,0,0.18,1.03,0.36,-0.81,1.66,0.38,0.41,0.99,2.03,4.51
2022-03-02 00:05:00,-999,-999,-999,-999,-999,-999,-999,-999,-999,-999,-999,-999,-999,-999,-999,-999,-999,-999,-999,-999,-999,-999,-999,-999,0.18,-999,-999,-999,-999,-999,0.41,-999,-999,-999
2022-03-02 00:10:00,-999,-999,-999,-999,-999,-999,-999,-999,-999,-999,-999,-999,-999,-999,-999,-999,-999,-999,-999,-999,-999,-999,-999,-999,0.18,-999,-999,-999,-999,-999,0.41,-999,-999,-999
2022-03-02 00:15:00,0.88,0.85,0.08,1.16,1.46,2.83,1.55,0.73,2.32,1.18,0.28,0.84,1.48,1.64,0.81,0.47,2.19,1.04,1.12,1.33,0.48,2.23,0.03,0,0.18,1.03,0.36,-0.81,1.66,0.38,0.41,0.99,2.03,4.5
2022-03-02 00:20:00,-999,-999,-999,-999,-999,-999,-999,-999,-999,-999,-999,-999,-999,-999,-999,-999,-999,-999,-999,-999,-999,-999,-999,-999,0.18,-999,-999,-999,-999,-999,0.41,-999,-999,-999
2022-03-02 00:25:00,-999,-999,-999,-999,-999,-999,-999,-999,-999,-999,-999,-999,-999,-999,-999,-999,-999,-999,-999,-999,-999,-999,-999,-999,0.18,-999,-999,-999,-999,-999,0.41,-999,-999,-999
2022-03-02 00:30:00,0.94,0.86,0.08,1.16,1.46,2.95,1.55,0.73,2.28,1.18,0.28,0.82,1.48,1.72,0.82,0.47,2.16,1.04,1.12,1.33,0.48,2.23,0.03,0,0.18,1.03,0.36,-0.81,1.66,0.38,0.41,1,2.03,4.5
2022-03-02 00:35:00,-999,-999,-999,-999,-999,-999,-999,-999,-999,-999,-999,-999,-999,-999,-999,-999,-999,-999,-999,-999,-999,-999,-999,-999,0.18,-999,-999,-999,-999,-999,0.41,-999,-999,-999
2022-03-02 00:40:00,-999,-999,-999,-999,-999,-999,-999,-999,-999,-999,-999,-999,-999,-999,-999,-999,-999,-999,-999,-999,-999,-999,-999,-999,0.18,-999,-999,-999,-999,-999,0.41,-999,-999,-999
2022-03-02 00:45:00,1,0.86,0.08,1.16,1.46,2.94,1.55,0.73,2.24,1.18,0.28,0.8,1.48,1.67,0.82,0.47,2.2,1.04,1.12,1.33,0.48,2.23,0.03,0,0.18,1.03,0.36,-0.81,1.66,0.38,0.41,1,2.03,4.5
2022-03-02 00:50:00,-999,-999,-999,-999,-999,-999,-999,-999,-999,-999,-999,-999,-999,-999,-999,-999,-999,-999,-999,-999,-999,-999,-999,-999,0.18,-999,-999,-999,-999,-999,0.41,-999,-999,-999
2022-03-02 00:55:00,-999,-999,-999,-999,-999,-999,-999,-999,-999,-999,-999,-999,-999,-999,-999,-999,-999,-999,-999,-999,-999,-999,-999,-999,0.18,-999,-999,-999,-999,-999,0.41,-999,-999,-999
2022-03-02 01:00:00,1.05,0.86,0.08,1.16,1.46,2.86,1.56,0.73,2.2,1.18,0.28,0.79,1.48,1.65,0.81,0.46,2.21,1.04,1.12,1.33,0.48,2.23,0.03,0,0.18,1.03,0.36,-0.81,1.66,0.37,0.41,1,2.03,4.5
2022-03-02 01:05:00,-999,-999,-999,-999,-999,-999,-999,-999,-999,-999,-999,-999,-999,-999,-999,-999,-999,-999,-999,-999,-999,-999,-999,-999,0.18,-999,-999,-999,-999,-999,0.41,-999,-999,-999
2022-03-02 01:10:00,-999,-999,-999,-999,-999,-999,-999,-999,-999,-999,-999,-999,-999,-999,-999,-999,-999,-999,-999,-999,-999,-999,-999,-999,0.18,-999,-999,-999,-999,-999,0.41,-999,-999,-999
2022-03-02 01:15:00,1.1,0.86,0.08,1.16,-999,2.77,1.55,0.74,2.16,1.18,0.28,0.78,1.48,1.76,0.82,0.46,2.19,1.04,1.12,1.33,0.48,2.23,0.02,0,0.18,1.03,0.36,-0.81,1.66,0.37,0.41,1,2.03,4.5
2022-03-02 01:20:00,-999,-999,-999,-999,-999,-999,-999,-999,-999,-999,-999,-999,-999,-999,-999,-999,-999,-999,-999,-999,-999,-999,-999,-999,0.18,-999,-999,-999,-999,-999,0.41,-999,-999,-999
2022-03-02 01:25:00,-999,-999,-999,-999,-999,-999,-999,-999,-999,-999,-999,-999,-999,-999,-999,-999,-999,-999,-999,-999,-999,-999,-999,-999,0.18,-999,-999,-999,-999,-999,0.41,-999,-999,-999
2022-03-02 01:30:00,1.15,0.86,0.08,1.16,1.46,2.72,1.55,0.74,2.12,1.18,0.28,0.77,1.48,1.93,0.82,0.46,2.15,1.04,1.12,1.33,0.48,2.23,0.02,0,0.18,1.03,0.36,-0.81,1.66,0.37,0.41,1,2.04,4.49
2022-03-02 01:35:00,-999,-999,-999,-999,-999,-999,-999,-999,-999,-999,-999,-999,-999,-999,-999,-999,-999,-999,-999,-999,-999,-999,-999,-999,0.18,-999,-999,-999,-999,-999,0.41,-999,-999,-999
2022-03-02 01:40:00,-999,-999,-999,-999,-999,-999,-999,-999,-999,-999,-999,-999,-999,-999,-999,-999,-999,-999,-999,-999,-999,-999,-999,-999,0.18,-999,-999,-999,-999,-999,0.41,-999,-999,-999
2022-03-02 01:45:00,1.2,0.86,0.08,1.16,1.46,2.72,1.55,0.74,2.09,1.19,0.28,0.76,1.48,1.88,0.82,0.46,2.21,1.04,1.12,1.33,0.48,2.23,0.02,0,0.18,1.03,0.36,-0.81,1.66,0.37,0.41,1,2.03,4.49
2022-03-02 01:50:00,-999,-999,-999,-999,-999,-999,-999,-999,-999,-999,-999,-999,-999,-999,-999,-999,-999,-999,-999,-999,0.48,-999,-999,-999,0.18,-999,-999,-999,-999,-999,0.41,-999,-999,-999
2022-03-02 01:55:00,-999,-999,-999,-999,-999,-999,-999,-999,-999,-999,-999,-999,-999,-999,-999,-999,-999,-999,-999,-999,-999,-999,-999,-999,0.18,-999,-999,-999,-999,-999,0.41,-999,-999,-999
2022-03-02 02:00:00,1.24,0.86,0.08,1.16,1.46,2.75,1.55,0.74,2.06,1.18,0.28,0.75,1.48,1.63,0.82,0.46,2.21,1.04,1.12,1.33,0.48,2.23,0.02,0,0.18,1.03,0.36,-0.81,1.66,0.37,0.41,1,2.03,4.5
2022-03-02 02:05:00,-999,-999,-999,-999,-999,-999,-999,-999,-999,-999,-999,-999,-999,-999,-999,-999,-999,-999,-999,-999,-999,-999,-999,-999,0.18,-999,-999,-999,-999,-999,0.41,-999,-999,-999
2022-03-02 02:10:00,-999,-999,-999,-999,-999,-999,-999,-999,-999,-999,-999,-999,-999,-999,-999,-999,-999,-999,-999,-999,-999,-999,-999,-999,0.18,-999,-999,-999,-999,-999,0.41,-999,-999,-999
2022-03-02 02:15:00,1.27,0.86,0.08,1.16,1.46,2.79,1.55,0.74,2.03,1.19,0.28,0.75,1.48,1.77,0.81,0.46,2.18,1.04,1.12,1.33,0.48,2.23,0.01,0,0.18,1.03,0.36,-0.81,1.66,0.37,0.41,1,2.03,4.49
2022-03-02 02:20:00,-999,-999,-999,-999,-999,-999,-999,-999,-999,-999,-999,-999,-999,-999,-999,-999,-999,-999,-999,-999,-999,-999,-999,-999,0.18,-999,-999,-999,-999,-999,0.41,-999,-999,-999
2022-03-02 02:25:00,-999,-999,-999,-999,-999,-999,-999,-999,-999,-999,-999,-999,-999,-999,-999,-999,-999,-999,-999,-999,-999,-999,-999,-999,0.18,-999,-999,-999,-999,-999,0.41,-999,-999,-999
2022-03-02 02:30:00,1.3,0.86,0.08,1.16,1.46,2.81,1.55,0.74,2,1.19,0.28,0.74,1.48,1.81,0.82,0.46,2.16,1.04,1.12,1.33,0.48,2.23,0.01,0,0.18,1.03,0.36,-0.81,1.66,0.37,0.41,1,2.03,4.49
2022-03-02 02:35:00,-999,-999,-999,-999,-999,-999,-999,-999,-999,-999,-999,-999,-999,-999,-999,-999,-999,-999,-999,-999,-999,-999,-999,-999,0.18,-999,-999,-999,-999,-999,0.41,-999,-999,-999
2022-03-02 02:40:00,-999,-999,-999,-999,-999,-999,-999,-999,-999,-999,-999,-999,-999,-999,-999,-999,-999,-999,-999,-999,-999,-999,-999,-999,0.18,-999,-999,-999,-999,-999,0.41,-999,-999,-999
2022-03-02 02:45:00,1.32,0.86,0.08,1.16,1.46,2.83,1.55,0.74,1.98,1.19,0.28,0.74,1.48,1.73,0.82,0.46,2.21,1.04,1.12,1.33,0.48,2.23,0.01,0,0.18,1.03,0.36,-0.81,1.66,0.37,0.41,1,2.04,4.49
2022-03-02 02:50:00,-999,-999,-999,-999,-999,-999,-999,-999,-999,-999,-999,-999,-999,-999,-999,-999,-999,-999,-999,-999,-999,-999,-999,-999,0.18,-999,-999,-999,-999,-999,0.41,-999,-999,-999
2022-03-02 02:55:00,-999,-999,-999,-999,-999,-999,-999,-999,-999,-999,-999,-999,-999,-999,-999,-999,-999,-999,-999,-999,-999,-999,-999,-999,0.18,-999,-999,-999,-999,-999,0.41,-999,-999,-999
2022-03-02 03:00:00,1.33,0.86,0.08,1.16,1.46,2.84,1.55,0.73,1.96,1.19,0.28,0.74,1.48,1.65,0.82,0.46,2.2,1.04,1.12,1.33,0.48,2.23,0.01,0,0.18,1.03,0.35,-0.81,1.66,0.38,0.41,1,2.03,4.5
2022-03-02 03:05:00,-999,-999,-999,-999,-999,-999,-999,-999,-999,-999,-999,-999,-999,-999,-999,-999,-999,-999,-999,-999,-999,-999,-999,-999,0.18,-999,-999,-999,-999,-999,0.41,-999,-999,-999
2022-03-02 03:10:00,-999,-999,-999,-999,1.46,-999,-999,-999,-999,-999,-999,-999,-999,-999,-999,-999,-999,-999,-999,-999,-999,-999,-999,-999,0.18,-999,-999,-999,-999,-999,0.41,-999,-999,-999
2022-03-02 03:15:00,1.34,0.86,0.08,1.17,1.46,2.85,1.55,0.73,1.94,1.19,0.28,0.73,1.48,1.88,0.82,0.46,2.18,1.04,1.12,1.33,0.48,2.23,0.01,0,0.18,1.03,0.36,-0.81,1.66,0.38,0.41,1,2.03,4.49
2022-03-02 03:20:00,-999,-999,-999,-999,-999,-999,-999,-999,-999,-999,-999,-999,-999,-999,-999,-999,-999,-999,-999,-999,-999,-999,-999,-999,0.18,-999,-999,-999,-999,-999,0.41,-999,-999,-999
2022-03-02 03:25:00,-999,-999,-999,-999,-999,-999,-999,-999,-999,-999,-999,-999,-999,-999,-999,-999,-999,-999,-999,-999,-999,-999,-999,-999,0.18,-999,-999,-999,-999,-999,0.41,-999,-999,-999
2022-03-02 03:30:00,1.35,0.86,0.08,1.17,1.46,2.85,1.55,0.73,1.93,1.19,0.28,0.73,1.48,1.64,0.82,0.46,2.18,1.04,1.12,1.33,0.48,2.23,0.01,0,0.18,1.03,0.36,-0.81,1.66,0.37,0.41,1,2.03,4.49
2022-03-02 03:35:00,-999,-999,-999,-999,-999,-999,-999,-999,-999,-999,-999,-999,-999,-999,-999,-999,-999,-999,-999,-999,-999,-999,-999,-999,0.18,-999,-999,-999,-999,-999,0.41,-999,-999,-999
2022-03-02 03:40:00,-999,-999,-999,-999,-999,-999,-999,-999,-999,-999,-999,-999,-999,-999,-999,-999,-999,-999,-999,-999,-999,-999,-999,-999,0.18,-999,-999,-999,-999,-999,0.41,-999,-999,-999
2022-03-02 03:45:00,1.34,0.86,0.08,1.18,1.46,2.85,1.55,0.73,1.92,1.19,0.28,0.73,1.48,1.72,0.81,0.46,2.21,1.04,1.12,1.33,0.48,2.23,0.01,0,0.18,1.03,0.36,-0.81,1.66,0.37,0.41,1,2.04,4.49
2022-03-02 03:50:00,-999,-999,-999,-999,-999,-999,-999,-999,-999,-999,-999,-999,-999,-999,-999,-999,-999,-999,-999,-999,-999,-999,-999,-999,0.18,-999,0.36,-999,-999,-999,0.41,-999,-999,-999
2022-03-02 03:55:00,-999,-999,-999,-999,-999,-999,-999,-999,-999,-999,-999,-999,-999,-999,-999,-999,-999,-999,-999,-999,-999,-999,-999,-999,0.18,-999,-999,-999,-999,-999,0.41,-999,-999,-999
2022-03-02 04:00:00,1.34,0.86,0.08,1.19,1.46,2.85,1.55,0.73,1.9,1.19,0.29,0.73,1.48,1.67,0.83,0.46,2.2,1.04,1.12,1.33,0.48,2.23,0.01,0,0.18,1.03,0.35,-0.81,1.66,0.37,0.41,1,2.03,4.5
2022-03-02 04:05:00,-999,-999,0.08,-999,-999,-999,-999,-999,-999,-999,-999,-999,-999,-999,-999,-999,-999,-999,-999,-999,-999,-999,-999,-999,0.18,-999,-999,-999,-999,-999,0.41,-999,-999,-999
2022-03-02 04:10:00,-999,-999,-999,-999,-999,-999,-999,-999,-999,-999,-999,-999,-999,-999,-999,-999,-999,-999,-999,-999,-999,-999,-999,-999,0.18,-999,-999,-999,-999,-999,0.41,-999,-999,-999
2022-03-02 04:15:00,1.33,0.86,0.08,1.19,1.46,2.85,1.55,0.73,1.89,1.19,0.28,0.73,1.48,1.9,0.82,0.46,2.17,1.04,1.12,1.33,0.48,2.23,0.01,0,0.18,1.03,0.36,-0.81,1.66,0.37,0.41,1,2.04,4.49
2022-03-02 04:20:00,-999,-999,-999,-999,-999,-999,-999,-999,-999,-999,-999,-999,-999,-999,-999,-999,-999,-999,-999,-999,-999,-999,-999,-999,0.18,1.03,-999,-999,-999,-999,0.41,-999,-999,-999
2022-03-02 04:25:00,-999,-999,-999,-999,-999,-999,-999,-999,-999,-999,-999,-999,-999,-999,-999,-999,-999,-999,-999,-999,-999,-999,-999,-999,0.18,-999,-999,-999,-999,-999,0.41,-999,-999,-999
2022-03-02 04:30:00,1.32,0.86,0.08,1.19,1.46,2.85,1.55,0.73,1.88,1.19,0.28,0.73,1.48,1.85,0.82,0.46,2.19,1.04,1.12,1.34,0.48,2.23,0.01,0,0.18,1.03,0.36,-0.81,1.66,0.38,0.41,1,2.03,4.49
2022-03-02 04:35:00,-999,-999,-999,-999,-999,-999,-999,-999,-999,-999,-999,-999,-999,-999,-999,-999,-999,-999,-999,-999,-999,-999,-999,-999,0.18,-999,-999,-999,-999,-999,0.41,-999,-999,-999
2022-03-02 04:40:00,-999,-999,-999,-999,-999,-999,-999,-999,-999,-999,-999,-999,-999,-999,-999,-999,-999,-999,-999,-999,-999,-999,-999,-999,0.18,-999,-999,-999,-999,-999,0.41,-999,-999,-999
2022-03-02 04:45:00,1.31,0.86,0.08,1.19,1.46,2.85,1.55,0.73,1.87,1.19,0.28,0.73,1.48,1.84,0.82,0.46,2.21,1.04,1.12,1.33,0.48,2.23,0.01,0,0.18,1.03,0.36,-0.81,1.66,0.37,0.41,1.01,2.03,4.49
2022-03-02 04:50:00,-999,-999,-999,-999,-999,-999,-999,-999,-999,-999,-999,-999,-999,-999,-999,-999,-999,-999,-999,-999,-999,-999,-999,-999,0.18,-999,-999,-999,-999,-999,0.41,-999,-999,-999
2022-03-02 04:55:00,-999,-999,-999,-999,-999,-999,-999,-999,-999,-999,-999,-999,-999,-999,-999,-999,-999,-999,-999,-999,-999,-999,-999,-999,0.18,-999,-999,-999,-999,-999,0.41,-999,-999,-999
2022-03-02 05:00:00,1.3,0.86,0.08,1.19,1.46,2.85,1.55,0.73,1.87,1.19,0.28,0.73,1.48,1.73,0.82,0.46,2.19,1.04,1.12,1.33,0.48,2.23,0.02,0,0.17,1.03,0.36,-0.81,1.66,0.38,0.41,1.01,2.04,4.5
2022-03-02 05:05:00,-999,-999,-999,-999,-999,-999,-999,-999,-999,-999,-999,-999,-999,-999,-999,-999,-999,-999,-999,-999,-999,-999,-999,-999,0.18,-999,-999,-999,-999,-999,0.41,-999,-999,-999
2022-03-02 05:10:00,-999,-999,-999,-999,-999,-999,-999,-999,-999,-999,-999,-999,-999,-999,-999,-999,-999,-999,-999,-999,-999,-999,-999,-999,0.18,-999,-999,-999,-999,-999,0.41,-999,-999,-999
2022-03-02 05:15:00,1.28,0.86,0.08,1.19,1.46,2.85,1.55,0.73,1.86,1.19,0.28,0.73,1.48,1.63,0.82,0.46,2.16,1.04,1.12,1.33,0.48,2.23,0.02,0,0.18,1.03,0.36,-0.81,1.66,0.38,0.41,1.01,2.04,4.5
2022-03-02 05:20:00,-999,-999,-999,-999,-999,-999,-999,-999,-999,-999,-999,-999,-999,-999,-999,-999,-999,-999,-999,-999,-999,-999,-999,-999,0.17,-999,-999,-999,-999,-999,0.41,-999,-999,-999
2022-03-02 05:25:00,-999,-999,-999,-999,-999,-999,-999,-999,-999,-999,-999,-999,-999,-999,-999,-999,-999,-999,-999,-999,-999,-999,-999,-999,0.18,-999,-999,-999,-999,-999,0.41,-999,-999,-999
2022-03-02 05:30:00,1.26,0.86,0.08,1.19,1.46,2.85,1.55,0.73,1.85,1.19,0.28,0.73,1.48,1.61,0.82,0.46,2.21,1.04,1.12,1.34,0.48,2.23,0.02,0,0.18,1.03,0.36,-0.81,1.66,0.38,0.41,1.01,2.03,4.5
2022-03-02 05:35:00,-999,-999,-999,-999,-999,-999,-999,-999,-999,-999,-999,0.73,-999,-999,-999,-999,-999,-999,-999,-999,-999,-999,-999,-999,0.18,-999,-999,-999,-999,-999,0.41,-999,-999,-999
2022-03-02 05:40:00,-999,-999,-999,-999,-999,-999,-999,-999,-999,-999,-999,-999,-999,-999,0.83,-999,-999,-999,-999,-999,-999,-999,-999,-999,0.18,-999,-999,-999,-999,-999,0.41,-999,-999,-999
2022-03-02 05:45:00,1.24,0.86,0.08,1.19,1.46,2.85,1.55,0.73,1.85,1.19,0.28,0.73,1.48,1.66,0.82,0.46,2.21,1.04,1.12,1.34,0.48,2.23,0.03,0,0.18,1.03,0.35,-0.81,1.66,0.38,0.41,1,2.04,4.5
2022-03-02 05:50:00,-999,-999,-999,-999,-999,-999,-999,-999,-999,-999,-999,-999,-999,-999,-999,-999,-999,-999,-999,-999,-999,-999,-999,-999,0.18,-999,-999,-999,-999,-999,0.41,-999,-999,-999
2022-03-02 05:55:00,-999,-999,-999,-999,-999,-999,-999,-999,-999,-999,-999,-999,-999,-999,-999,-999,-999,-999,-999,-999,-999,-999,-999,-999,0.18,-999,-999,-999,-999,-999,0.41,-999,-999,-999
2022-03-02 06:00:00,1.22,0.86,0.08,1.19,1.46,2.85,1.55,0.73,1.85,1.19,0.29,0.73,1.48,1.64,0.83,0.38,2.16,1.04,1.12,1.33,0.49,2.23,0.03,0,0.18,1.03,0.35,-0.81,1.66,0.38,0.41,1.01,2.04,4.51
2022-03-02 06:05:00,-999,-999,-999,-999,-999,-999,-999,-999,-999,-999,-999,-999,-999,-999,-999,-999,-999,-999,-999,-999,-999,-999,-999,-999,0.18,-999,-999,-999,-999,-999,0.41,-999,-999,-999
2022-03-02 06:10:00,-999,-999,-999,-999,-999,-999,-999,-999,-999,-999,-999,-999,-999,-999,-999,-999,-999,-999,-999,-999,-999,-999,-999,-999,0.18,-999,-999,-999,-999,-999,0.41,-999,-999,-999
2022-03-02 06:15:00,1.2,0.86,0.08,1.19,1.46,2.84,1.55,0.73,1.85,1.19,0.28,0.72,1.48,1.62,0.82,0.38,2.23,1.04,1.12,1.33,0.49,2.23,0.03,0,0.18,1.03,0.36,-0.81,1.66,0.38,0.41,1.01,2.04,4.5
2022-03-02 06:20:00,-999,-999,-999,-999,-999,-999,-999,-999,-999,-999,-999,-999,-999,-999,-999,-999,-999,-999,-999,-999,-999,-999,-999,-999,0.18,-999,-999,-999,-999,-999,0.41,-999,-999,-999
2022-03-02 06:25:00,-999,-999,-999,-999,-999,-999,-999,-999,-999,-999,-999,-999,-999,-999,-999,-999,-999,-999,-999,-999,-999,-999,-999,-999,0.18,-999,-999,-999,-999,-999,0.41,-999,-999,-999
2022-03-02 06:30:00,1.18,0.86,0.08,1.19,1.46,2.84,1.55,0.73,1.84,1.19,0.28,0.72,1.48,1.8,0.81,0.38,2.21,1.04,1.12,1.34,0.49,2.23,0.03,0,0.18,1.03,0.36,-0.81,1.66,0.38,0.41,1.01,2.04,4.5
2022-03-02 06:35:00,-999,-999,-999,-999,-999,-999,-999,-999,-999,-999,-999,-999,-999,-999,-999,-999,-999,-999,-999,-999,-999,-999,-999,-999,0.18,-999,-999,-999,-999,-999,0.41,-999,-999,-999
2022-03-02 06:40:00,-999,-999,-999,-999,-999,-999,-999,-999,-999,-999,-999,-999,-999,-999,-999,-999,-999,-999,-999,-999,-999,-999,-999,-999,0.18,-999,-999,-999,-999,-999,0.41,-999,-999,-999
2022-03-02 06:45:00,1.16,0.86,0.08,1.19,1.46,2.83,1.55,0.73,1.83,1.19,0.28,0.73,1.48,1.9,0.83,0.38,2.18,1.04,1.12,1.34,0.49,2.23,0.03,0,0.18,1.03,0.36,-0.81,1.66,0.38,0.41,1,2.03,4.5
2022-03-02 06:50:00,-999,-999,-999,-999,-999,-999,-999,-999,-999,-999,-999,-999,-999,-999,-999,-999,-999,-999,-999,-999,-999,-999,-999,-999,0.18,-999,-999,-999,-999,-999,0.41,-999,-999,-999
2022-03-02 06:55:00,-999,-999,-999,-999,-999,-999,-999,-999,-999,-999,-999,-999,-999,-999,-999,-999,-999,-999,-999,-999,-999,-999,-999,-999,0.18,-999,-999,-999,-999,-999,0.41,-999,-999,-999
2022-03-02 07:00:00,1.14,0.86,0.08,1.19,1.47,2.82,1.55,0.73,1.83,1.19,0.29,0.72,1.48,1.59,0.82,0.38,2.18,1.04,1.12,1.34,0.49,2.23,0.04,0,-999,1.03,0.35,-0.81,1.66,0.38,0.41,1.01,2.04,4.52
2022-03-02 07:05:00,-999,-999,-999,-999,-999,-999,-999,-999,-999,-999,-999,-999,-999,-999,-999,-999,-999,-999,-999,-999,-999,-999,-999,-999,-999,-999,-999,-999,-999,-999,0.41,-999,-999,-999
2022-03-02 07:10:00,-999,-999,-999,-999,-999,-999,-999,-999,-999,-999,-999,-999,-999,-999,-999,-999,-999,-999,-999,-999,-999,-999,-999,-999,-999,-999,-999,-999,-999,-999,0.41,-999,-999,-999
2022-03-02 07:15:00,1.12,0.86,0.08,1.19,1.47,2.81,1.55,0.73,1.83,1.19,0.29,0.72,1.48,1.89,0.81,0.38,2.22,1.04,1.12,1.34,0.5,2.23,0.05,0,-999,1.03,0.36,-0.81,1.66,0.38,0.41,1.01,2.04,4.51
2022-03-02 07:20:00,-999,-999,-999,-999,-999,-999,-999,-999,-999,-999,-999,-999,1.48,-999,-999,-999,-999,-999,-999,-999,-999,-999,-999,-999,-999,-999,-999,-999,-999,-999,0.41,-999,-999,-999
2022-03-02 07:25:00,-999,-999,-999,-999,-999,-999,-999,-999,-999,-999,-999,-999,-999,-999,-999,-999,-999,-999,-999,-999,-999,-999,-999,-999,-999,-999,-999,-999,-999,-999,0.41,-999,-999,-999
2022-03-02 07:30:00,1.1,0.86,0.08,1.19,1.47,2.8,1.55,0.73,1.83,1.19,0.29,0.72,1.48,1.61,0.82,0.38,2.21,1.04,1.12,1.34,0.5,2.23,0.05,0,0.18,1.03,0.36,-0.81,1.65,0.38,0.41,1.01,2.04,4.51
2022-03-02 07:35:00,-999,-999,-999,-999,-999,-999,-999,-999,-999,-999,-999,-999,-999,-999,-999,-999,-999,-999,-999,-999,-999,-999,-999,-999,0.18,-999,-999,-999,-999,-999,0.41,-999,-999,-999
2022-03-02 07:40:00,-999,-999,-999,-999,-999,-999,-999,-999,-999,-999,-999,-999,-999,-999,-999,-999,-999,-999,-999,-999,-999,-999,-999,-999,0.18,-999,-999,-999,-999,-999,0.41,-999,-999,-999
2022-03-02 07:45:00,1.08,0.86,0.08,1.19,1.47,2.78,1.55,0.72,1.83,1.19,0.29,0.72,1.48,1.65,0.81,0.38,2.19,1.04,1.12,1.34,0.5,2.23,0.06,0,0.18,1.03,0.35,-0.81,1.65,0.38,0.41,1.01,2.04,4.51
2022-03-02 07:50:00,-999,-999,-999,-999,-999,-999,-999,-999,-999,-999,-999,-999,-999,-999,-999,-999,-999,-999,-999,-999,-999,-999,-999,-999,0.18,-999,-999,-999,-999,-999,0.41,-999,-999,-999
2022-03-02 07:55:00,-999,-999,-999,-999,-999,-999,-999,-999,-999,-999,-999,-999,-999,-999,-999,-999,-999,-999,-999,-999,-999,-999,-999,-999,0.18,-999,-999,-999,-999,-999,0.41,-999,-999,-999
2022-03-02 08:00:00,1.07,0.86,0.08,1.19,1.47,2.77,1.55,0.72,1.83,1.19,0.29,0.72,1.48,1.71,0.83,0.38,2.17,1.04,1.12,1.34,0.5,2.23,0.07,0,0.18,1.03,0.35,-0.81,1.66,0.38,0.41,1.01,2.04,4.52
2022-03-02 08:05:00,-999,-999,-999,-999,-999,-999,-999,-999,-999,-999,-999,-999,-999,-999,-999,-999,-999,-999,-999,-999,-999,-999,-999,-999,0.18,-999,-999,-999,-999,-999,0.41,-999,-999,-999
2022-03-02 08:10:00,-999,-999,-999,-999,-999,-999,-999,-999,-999,-999,-999,-999,-999,-999,-999,-999,-999,-999,-999,-999,-999,-999,-999,-999,0.18,-999,-999,-999,-999,-999,0.41,-999,-999,-999
2022-03-02 08:15:00,1.05,0.86,0.08,1.19,1.47,2.76,1.55,0.72,1.83,1.19,0.29,0.72,1.48,1.72,0.81,0.38,2.16,1.04,1.12,1.34,0.5,2.23,0.07,0,0.18,1.03,0.36,-0.81,1.66,0.38,0.41,1.01,2.03,4.51
2022-03-02 08:20:00,-999,-999,-999,-999,-999,-999,-999,-999,-999,-999,-999,-999,-999,-999,-999,-999,-999,-999,-999,-999,-999,-999,-999,-999,0.18,-999,-999,-999,-999,-999,0.41,-999,-999,-999
2022-03-02 08:25:00,-999,-999,-999,-999,-999,-999,-999,-999,-999,-999,-999,-999,-999,-999,-999,-999,-999,-999,-999,-999,-999,-999,-999,-999,0.18,-999,-999,-999,-999,-999,0.41,-999,-999,-999
2022-03-02 08:30:00,1.03,0.85,0.08,1.18,1.47,2.74,1.55,0.72,1.82,1.19,0.29,0.72,1.48,1.62,0.82,0.38,2.21,1.04,1.12,1.34,0.5,2.23,0.07,0,0.18,1.03,0.36,-0.81,1.66,0.38,0.41,1.01,2.03,4.52
2022-03-02 08:35:00,-999,-999,-999,-999,-999,-999,-999,-999,-999,-999,-999,-999,-999,-999,-999,-999,-999,-999,-999,-999,-999,-999,-999,-999,0.18,-999,-999,-999,-999,-999,0.41,-999,-999,-999
2022-03-02 08:40:00,-999,-999,-999,-999,-999,-999,-999,-999,-999,-999,-999,-999,-999,-999,-999,-999,-999,-999,-999,-999,-999,-999,-999,-999,0.18,-999,-999,-999,-999,-999,0.41,-999,-999,-999
2022-03-02 08:45:00,1.01,0.85,0.08,1.18,1.47,2.74,1.55,0.72,1.83,1.19,0.29,0.72,1.48,1.69,0.81,0.38,2.21,1.04,1.12,1.34,0.5,2.23,0.07,0,0.18,1.03,0.36,-0.81,1.66,0.38,0.41,1.01,2.04,4.52
2022-03-02 08:50:00,-999,-999,-999,-999,-999,-999,-999,-999,-999,-999,-999,-999,-999,-999,-999,-999,-999,-999,-999,-999,-999,-999,-999,-999,0.18,-999,-999,-999,-999,-999,0.41,-999,-999,-999
2022-03-02 08:55:00,-999,-999,-999,-999,-999,-999,-999,-999,-999,-999,-999,-999,-999,-999,-999,-999,-999,-999,-999,-999,-999,-999,-999,-999,0.18,-999,-999,-999,-999,-999,0.41,-999,-999,-999
2022-03-02 09:00:00,0.99,0.85,0.08,1.18,1.47,2.72,1.55,0.72,1.83,1.19,0.29,0.72,1.48,1.62,0.82,0.38,2.22,1.04,1.12,1.34,0.5,2.23,0.07,0,0.18,1.03,0.36,-0.81,1.66,0.38,0.41,1.01,2.03,4.53
2022-03-02 09:05:00,-999,-999,-999,-999,-999,-999,-999,-999,-999,-999,-999,-999,-999,-999,-999,-999,-999,-999,-999,-999,-999,-999,-999,-999,0.18,-999,-999,-999,-999,-999,0.41,-999,-999,-999
2022-03-02 09:10:00,-999,-999,-999,-999,-999,-999,-999,-999,-999,-999,-999,-999,-999,-999,-999,-999,-999,-999,-999,-999,-999,-999,-999,-999,0.18,-999,-999,-999,-999,-999,0.41,-999,-999,-999
2022-03-02 09:15:00,0.97,0.85,0.08,1.18,1.47,2.72,1.55,0.72,1.83,1.19,0.29,0.72,1.49,1.67,0.82,0.38,2.2,1.04,1.12,1.34,0.5,2.23,0.07,0,0.17,1.03,0.36,-0.81,1.66,0.38,0.41,1.01,2.04,4.52
2022-03-02 09:20:00,-999,-999,-999,-999,-999,-999,-999,-999,-999,-999,-999,-999,-999,-999,-999,-999,-999,-999,-999,-999,-999,-999,-999,-999,0.18,-999,-999,-999,-999,-999,0.41,-999,-999,-999
2022-03-02 09:25:00,-999,-999,-999,-999,-999,-999,-999,-999,-999,-999,-999,-999,-999,-999,-999,-999,-999,-999,-999,-999,-999,-999,-999,-999,0.18,-999,-999,-999,-999,-999,0.41,-999,-999,-999
2022-03-02 09:30:00,0.96,0.85,0.08,1.18,1.47,2.71,1.55,0.72,1.82,1.19,0.29,0.72,1.48,1.67,0.81,0.38,2.21,1.04,1.12,1.34,0.5,2.23,0.07,0,0.18,1.03,0.35,-0.81,1.66,0.38,0.41,1,2.04,4.52
2022-03-02 09:35:00,-999,-999,-999,-999,-999,-999,-999,-999,-999,-999,-999,-999,-999,-999,-999,-999,-999,-999,-999,-999,-999,-999,-999,-999,0.18,-999,-999,-999,-999,-999,0.42,-999,-999,-999
2022-03-02 09:40:00,-999,-999,-999,-999,-999,-999,-999,-999,-999,-999,-999,-999,-999,-999,-999,-999,-999,-999,-999,-999,-999,-999,-999,-999,0.18,-999,-999,-999,-999,-999,0.41,-999,-999,-999
2022-03-02 09:45:00,0.94,0.85,0.08,1.18,1.47,2.7,1.55,0.72,1.83,1.19,0.29,0.72,1.48,1.76,0.83,0.38,2.22,1.05,1.12,1.34,0.5,2.23,0.07,0,0.18,1.03,0.36,-0.81,1.66,0.38,0.42,1.01,2.04,4.52
2022-03-02 09:50:00,-999,-999,-999,-999,-999,-999,-999,-999,-999,-999,-999,-999,-999,-999,-999,-999,-999,-999,-999,-999,0.5,-999,-999,-999,0.18,-999,-999,-999,-999,-999,0.41,-999,-999,-999
2022-03-02 09:55:00,-999,-999,-999,-999,-999,-999,-999,-999,-999,-999,-999,-999,-999,-999,-999,-999,-999,-999,-999,-999,-999,-999,-999,-999,0.18,-999,-999,-999,-999,-999,0.41,-999,-999,-999
2022-03-02 10:00:00,0.92,0.85,0.08,1.18,1.47,2.69,1.55,0.72,1.82,1.19,0.29,0.72,1.49,1.75,0.83,0.38,2.2,1.05,1.12,1.34,0.5,2.23,0.07,0,0.18,1.03,0.36,-0.81,1.66,0.38,0.41,1.01,2.04,4.53
2022-03-02 10:05:00,-999,-999,-999,-999,-999,-999,-999,-999,-999,-999,-999,-999,-999,-999,-999,-999,-999,-999,-999,-999,-999,-999,-999,-999,0.18,-999,-999,-999,-999,-999,0.41,-999,-999,-999
2022-03-02 10:10:00,-999,-999,-999,-999,-999,-999,-999,-999,-999,-999,-999,-999,-999,-999,-999,-999,-999,-999,-999,-999,-999,-999,-999,-999,0.18,-999,-999,-999,-999,-999,0.41,-999,-999,-999
2022-03-02 10:15:00,0.91,0.85,0.08,1.18,1.47,2.68,1.55,0.72,1.82,1.19,0.29,0.72,1.48,1.69,0.82,0.38,2.17,1.04,1.12,1.34,0.5,2.23,0.06,0,0.17,1.03,0.36,-0.81,1.65,0.38,0.41,1.01,2.04,4.53
2022-03-02 10:20:00,-999,-999,-999,-999,-999,-999,-999,-999,-999,-999,-999,-999,-999,-999,-999,-999,-999,-999,-999,-999,-999,-999,-999,-999,0.18,-999,-999,-999,-999,-999,0.41,-999,-999,-999
2022-03-02 10:25:00,-999,-999,-999,-999,-999,-999,-999,-999,-999,-999,-999,-999,-999,-999,-999,-999,-999,-999,-999,-999,-999,-999,-999,-999,0.18,-999,-999,-999,-999,-999,0.41,-999,-999,-999
2022-03-02 10:30:00,0.89,0.85,0.08,1.17,1.47,2.67,1.55,0.72,1.82,1.19,0.29,0.72,1.49,1.91,0.81,0.38,2.17,1.04,1.12,1.34,0.5,2.23,0.07,0,0.18,1.03,0.36,-0.81,1.65,0.38,0.41,1.01,2.04,4.53
2022-03-02 10:35:00,-999,-999,-999,-999,-999,-999,-999,-999,-999,-999,-999,-999,-999,-999,-999,-999,-999,-999,-999,-999,-999,-999,-999,-999,0.18,-999,-999,-999,-999,-999,0.41,-999,-999,-999
2022-03-02 10:40:00,-999,-999,-999,-999,-999,-999,-999,-999,-999,-999,-999,-999,-999,-999,-999,-999,-999,-999,-999,-999,-999,-999,-999,-999,0.18,-999,-999,-999,-999,-999,0.42,-999,-999,-999
2022-03-02 10:45:00,0.88,0.85,0.08,1.17,1.47,2.66,1.55,0.72,1.82,1.19,0.29,0.72,1.49,1.65,0.81,0.38,2.17,1.04,1.12,1.34,0.5,2.23,0.07,0,0.18,1.03,0.35,-0.82,1.65,0.38,0.41,1.01,2.04,4.53
2022-03-02 10:50:00,-999,-999,-999,-999,-999,-999,-999,-999,-999,-999,-999,-999,-999,-999,-999,-999,-999,-999,-999,-999,-999,-999,-999,-999,0.18,-999,-999,-999,-999,-999,0.41,-999,-999,-999
2022-03-02 10:55:00,-999,-999,-999,-999,-999,-999,-999,-999,-999,-999,-999,-999,-999,-999,-999,-999,-999,-999,-999,-999,-999,-999,-999,-999,0.18,-999,-999,-999,-999,-999,0.42,-999,-999,-999
2022-03-02 11:00:00,0.86,0.85,0.08,1.17,1.47,2.65,1.55,0.72,1.82,1.19,0.29,0.72,1.48,1.61,0.83,0.38,2.19,1.05,1.12,1.33,0.5,2.23,0.06,0,0.18,1.03,0.35,-0.81,1.65,0.38,0.41,1.01,2.04,4.54
2022-03-02 11:05:00,-999,-999,-999,-999,-999,-999,-999,-999,-999,-999,-999,-999,-999,-999,-999,-999,-999,-999,-999,-999,-999,-999,-999,-999,0.18,-999,-999,-999,-999,-999,0.42,-999,-999,-999
2022-03-02 11:10:00,-999,-999,-999,-999,1.47,-999,-999,-999,-999,-999,-999,-999,-999,-999,-999,-999,-999,-999,-999,-999,-999,-999,-999,-999,0.18,-999,-999,-999,-999,-999,0.41,-999,-999,-999
2022-03-02 11:15:00,0.85,0.85,0.08,1.17,1.47,2.64,1.56,0.72,1.82,1.19,0.28,0.72,1.49,1.58,0.82,0.38,2.2,1.05,1.12,1.33,0.5,2.23,0.06,0,0.17,1.03,0.36,-0.81,1.65,0.38,0.42,1,2.04,4.53
2022-03-02 11:20:00,-999,-999,-999,-999,-999,-999,-999,-999,-999,-999,-999,-999,-999,-999,-999,-999,-999,-999,-999,-999,-999,-999,-999,-999,0.18,-999,-999,-999,-999,-999,0.41,-999,-999,-999
2022-03-02 11:25:00,-999,-999,-999,-999,-999,-999,-999,-999,-999,-999,-999,-999,-999,-999,-999,-999,-999,-999,-999,-999,-999,-999,-999,-999,0.18,-999,-999,-999,-999,-999,0.42,-999,-999,-999
2022-03-02 11:30:00,0.84,0.84,0.08,1.17,1.47,2.64,1.56,0.72,1.82,1.19,0.27,0.72,1.49,1.81,0.81,0.38,2.2,1.05,1.12,1.33,0.5,2.23,0.06,0,0.18,1.03,0.36,-0.81,1.65,0.38,0.42,1,2.04,4.53
2022-03-02 11:35:00,-999,-999,-999,-999,-999,-999,-999,-999,-999,-999,-999,-999,-999,-999,-999,-999,-999,-999,-999,-999,-999,-999,-999,-999,0.18,-999,-999,-999,-999,-999,0.41,-999,-999,-999
2022-03-02 11:40:00,-999,-999,-999,-999,-999,-999,-999,-999,-999,-999,-999,-999,-999,-999,-999,-999,-999,-999,-999,-999,-999,-999,-999,-999,0.18,-999,-999,-999,-999,-999,0.41,-999,-999,-999
2022-03-02 11:45:00,0.83,0.84,0.08,1.18,1.47,2.63,1.56,0.72,1.82,1.19,0.27,0.72,1.49,1.61,0.82,0.38,2.21,1.05,1.12,1.33,0.5,2.23,0.06,0,0.18,1.03,0.35,-0.81,1.66,0.37,0.42,1,2.04,4.53
2022-03-02 11:50:00,-999,-999,-999,-999,-999,-999,-999,-999,-999,-999,-999,-999,-999,-999,-999,-999,-999,-999,-999,-999,-999,-999,-999,-999,0.18,-999,0.35,-999,-999,-999,0.41,-999,-999,-999
2022-03-02 11:55:00,-999,-999,-999,-999,-999,-999,-999,-999,-999,-999,-999,-999,-999,-999,-999,-999,-999,-999,-999,-999,-999,-999,-999,-999,0.18,-999,-999,-999,-999,-999,0.41,-999,-999,-999
2022-03-02 12:00:00,0.81,0.85,0.08,1.19,1.47,2.63,1.56,0.72,1.82,1.19,0.27,0.72,1.48,1.64,0.83,0.38,2.22,1.05,1.12,1.33,0.5,2.23,0.06,0,0.18,1.03,0.36,-0.81,1.66,0.37,0.42,1.01,2.04,4.54
2022-03-02 12:05:00,-999,-999,-999,-999,-999,-999,-999,-999,-999,-999,-999,-999,-999,-999,-999,-999,-999,-999,-999,-999,-999,-999,-999,-999,0.18,-999,-999,-999,-999,-999,0.42,-999,-999,-999
2022-03-02 12:10:00,-999,-999,-999,-999,-999,-999,-999,-999,-999,-999,-999,-999,-999,-999,-999,-999,-999,-999,-999,-999,-999,-999,-999,-999,0.18,-999,-999,-999,-999,-999,0.41,-999,-999,-999
2022-03-02 12:15:00,0.8,0.85,0.08,1.19,1.47,2.62,1.56,0.72,1.82,1.19,0.27,0.72,1.48,1.59,0.83,0.38,1.73,1.05,1.12,1.33,0.5,2.23,0.06,0,0.18,1.03,0.36,-0.81,1.66,0.37,0.41,1,2.04,4.53
2022-03-02 12:20:00,-999,-999,-999,-999,-999,-999,-999,-999,-999,-999,-999,-999,-999,-999,-999,-999,-999,-999,-999,-999,-999,-999,-999,-999,0.17,1.03,-999,-999,-999,-999,0.42,-999,-999,-999
2022-03-02 12:25:00,-999,-999,-999,-999,-999,-999,-999,-999,-999,-999,-999,-999,-999,-999,-999,-999,-999,-999,-999,-999,-999,-999,-999,-999,0.18,-999,-999,-999,-999,-999,0.41,-999,-999,-999
2022-03-02 12:30:00,0.79,0.85,0.08,1.17,1.47,2.61,1.55,0.72,1.82,1.19,0.27,0.72,1.49,1.74,0.82,0.38,1.89,1.05,1.12,1.33,0.5,2.23,0.06,0,0.18,1.03,0.36,-0.81,1.66,0.37,0.41,1,2.04,4.53
2022-03-02 12:35:00,-999,-999,-999,-999,-999,-999,-999,-999,-999,-999,-999,-999,-999,-999,-999,-999,-999,-999,-999,-999,-999,-999,-999,-999,0.17,-999,-999,-999,-999,-999,0.42,-999,-999,-999
2022-03-02 12:40:00,-999,-999,-999,-999,-999,-999,-999,-999,-999,-999,-999,-999,-999,-999,-999,-999,-999,-999,-999,-999,-999,-999,-999,-999,0.18,-999,-999,-0.36,-999,-999,0.41,-999,-999,-999
2022-03-02 12:45:00,0.78,0.85,0.08,1.16,1.47,2.61,1.55,0.72,1.82,1.19,0.27,0.72,1.48,1.85,0.82,0.38,2.15,1.05,1.12,1.33,0.5,2.23,0.06,0,0.18,1.03,0.36,-0.2,1.66,0.37,0.42,1,2.04,4.54
2022-03-02 12:50:00,-999,-999,-999,-999,-999,-999,-999,-999,-999,-999,-999,-999,-999,-999,-999,-999,-999,-999,-999,-999,-999,-999,-999,-999,0.18,-999,-999,-999,-999,-999,0.42,-999,-999,-999
2022-03-02 12:55:00,-999,-999,-999,-999,-999,-999,-999,-999,-999,-999,-999,-999,-999,-999,-999,-999,-999,-999,-999,-999,-999,-999,-999,-999,0.18,-999,-999,0.59,-999,-999,0.42,-999,-999,-999
2022-03-02 13:00:00,0.77,0.85,0.08,1.15,1.47,2.6,1.55,0.72,1.82,1.19,0.27,0.72,1.48,1.96,0.82,0.38,2.17,1.05,1.12,1.33,0.5,2.23,0.06,0,0.18,1.03,0.36,0.59,1.66,0.37,0.42,1,2.04,4.54
2022-03-02 13:05:00,-999,-999,-999,-999,-999,-999,-999,-999,-999,-999,-999,-999,-999,-999,-999,-999,-999,-999,-999,-999,-999,-999,-999,-999,0.18,-999,-999,-999,-999,-999,0.41,-999,-999,-999
2022-03-02 13:10:00,-999,-999,-999,-999,-999,-999,-999,-999,-999,-999,-999,-999,-999,-999,-999,-999,-999,-999,-999,-999,-999,-999,-999,-999,0.18,-999,-999,-999,-999,-999,0.42,-999,-999,-999
2022-03-02 13:15:00,0.76,0.85,0.08,1.15,1.47,2.6,1.55,0.72,1.82,1.19,0.27,0.72,1.48,1.7,0.82,0.38,2.19,1.04,1.12,1.33,0.5,2.23,0.06,0,0.18,1.03,0.35,0.59,1.67,0.37,0.42,1,2.03,4.54
2022-03-02 13:20:00,-999,-999,-999,-999,-999,-999,-999,-999,-999,-999,-999,-999,-999,-999,-999,-999,-999,-999,-999,-999,-999,-999,-999,-999,0.18,-999,-999,-999,-999,-999,0.42,-999,-999,-999
2022-03-02 13:25:00,-999,-999,-999,-999,-999,-999,-999,-999,-999,-999,-999,-999,-999,-999,-999,-999,-999,-999,-999,-999,-999,-999,-999,-999,0.18,-999,-999,-999,-999,-999,0.42,-999,-999,-999
2022-03-02 13:30:00,0.75,0.85,0.08,1.15,1.47,2.59,1.55,0.72,-999,1.19,0.28,0.72,-999,-999,0.81,0.36,2.2,1.04,1.12,1.33,0.5,2.22,0.06,0,0.18,-999,-999,0.59,1.67,0.37,0.42,1,2.03,4.54
2022-03-02 13:35:00,-999,-999,-999,-999,-999,-999,-999,-999,-999,-999,-999,0.72,-999,-999,-999,-999,-999,-999,-999,-999,-999,-999,-999,-999,0.18,-999,-999,-999,-999,-999,0.41,-999,-999,-999
2022-03-02 13:40:00,-999,-999,-999,-999,-999,-999,-999,-999,-999,-999,-999,-999,-999,-999,0.82,-999,-999,-999,-999,-999,-999,-999,-999,-999,0.18,-999,-999,-999,-999,-999,0.42,-999,-999,-999
2022-03-02 13:45:00,0.74,0.85,0.08,1.15,1.47,2.59,-999,0.72,-999,1.19,0.27,0.72,-999,-999,0.82,0.35,2.21,1.04,1.12,1.33,0.5,2.22,0.06,0,0.18,-999,-999,0.58,1.67,0.37,0.42,1,2.03,4.54
2022-03-02 13:50:00,-999,-999,-999,-999,-999,-999,-999,-999,-999,-999,-999,-999,-999,-999,-999,-999,-999,-999,-999,-999,-999,-999,-999,-999,0.18,-999,-999,-999,-999,-999,0.42,-999,-999,-999
2022-03-02 13:55:00,-999,-999,-999,-999,-999,-999,-999,-999,-999,-999,-999,-999,-999,-999,-999,-999,-999,-999,-999,-999,-999,-999,-999,-999,0.18,-999,-999,-999,-999,-999,0.42,-999,-999,-999
2022-03-02 14:00:00,-999,-999,-999,-999,-999,-999,-999,-999,-999,-999,-999,-999,-999,-999,0.82,-999,2.21,1.04,1.12,1.33,0.5,2.22,-999,-999,-999,-999,-999,-999,-999,-999,-999,-999,-999,-999
