<?xml version="1.0" encoding="utf-8"?>
<parameters version="1.5" xsi:schemaLocation="http://www.wldelft.nl/fews/PI pi_modelparameters.xsd" xmlns:xsi="http://www.w3.org/2001/XMLSchema-instance" xmlns="http://www.wldelft.nl/fews/PI">
  <modifierType>BASEFLOW</modifierType>
  <modifierType>UNITHG</modifierType>
  <group id= "default">
    <parameter id="UHG_DURATION">
      <intValue>1</intValue>
    </parameter>
    <parameter id="UNIT">
      <stringValue>METRIC</stringValue>
    </parameter>
    <parameter id="UHG_INTERVAL">
      <intValue>1</intValue>
    </parameter>
    <parameter id="DRAINAGE_AREA">
      <dblValue>746.1</dblValue>
    </parameter>
    <parameter id="CONSTANT_BASE_FLOW">
      <dblValue>0.0</dblValue>
    </parameter>
    <parameter id="UHG_ORDINATES">
      <table>
        <columnTypes A="double"/>
        <row A="3.32"/>
        <row A="6.64"/>
        <row A="9.97"/>
        <row A="13.34"/>
        <row A="16.71"/>
        <row A="20.09"/>
        <row A="19.30"/>
        <row A="18.51"/>
        <row A="17.73"/>
        <row A="15.95"/>
        <row A="14.18"/>
        <row A="12.40"/>
        <row A="10.65"/>
        <row A="8.90"/>
        <row A="7.15"/>
        <row A="5.35"/>
        <row A="3.55"/>
        <row A="1.75"/>
        <row A="1.17"/>
        <row A="0.58"/>
        <row A="0.00"/>
      </table>
    </parameter>
  </group>
</parameters>
