<?xml version="1.0" encoding="utf-8"?>
<parameters version="1.5" xsi:schemaLocation="http://www.wldelft.nl/fews/PI pi_modelparameters.xsd" xmlns:xsi="http://www.w3.org/2001/XMLSchema-instance" xmlns="http://www.wldelft.nl/fews/PI">
  <modifierType>BASEFLOW</modifierType>
  <modifierType>UNITHG</modifierType>
  <group id= "default">
    <parameter id="UHG_DURATION">
      <intValue>1</intValue>
    </parameter>
    <parameter id="UNIT">
      <stringValue>METRIC</stringValue>
    </parameter>
    <parameter id="UHG_INTERVAL">
      <intValue>1</intValue>
    </parameter>
    <parameter id="DRAINAGE_AREA">
      <dblValue>537.5</dblValue>
    </parameter>
    <parameter id="CONSTANT_BASE_FLOW">
      <dblValue>0.0</dblValue>
    </parameter>
    <parameter id="UHG_ORDINATES">
      <table>
        <columnTypes A="double"/>
        <row A="3.08"/>
        <row A="6.16"/>
        <row A="9.23"/>
        <row A="12.33"/>
        <row A="15.43"/>
        <row A="18.53"/>
        <row A="16.80"/>
        <row A="15.07"/>
        <row A="13.34"/>
        <row A="11.33"/>
        <row A="9.32"/>
        <row A="7.31"/>
        <row A="5.32"/>
        <row A="3.33"/>
        <row A="1.35"/>
        <row A="0.90"/>
        <row A="0.45"/>
        <row A="0.00"/>
      </table>
    </parameter>
  </group>
</parameters>
