<?xml version="1.0" encoding="utf-8"?>
<parameters version="1.5" xsi:schemaLocation="http://www.wldelft.nl/fews/PI pi_modelparameters.xsd" xmlns:xsi="http://www.w3.org/2001/XMLSchema-instance" xmlns="http://www.wldelft.nl/fews/PI">
    <modifierType>BASEFLOW</modifierType>
    <modifierType>UNITHG</modifierType>
    <group id= "default">
        <parameter id="UHG_DURATION">
            <dblValue>0.25</dblValue>
        </parameter>
        <parameter id="UNIT">
            <stringValue>METRIC</stringValue>
        </parameter>
        <parameter id="UHG_INTERVAL">
            <dblValue>0.25</dblValue>
        </parameter>
        <parameter id="DRAINAGE_AREA">
            <dblValue>14.5</dblValue>
        </parameter>
        <parameter id="CONSTANT_BASE_FLOW">
            <dblValue>0.0</dblValue>
        </parameter>
        <parameter id="UHG_ORDINATES">
            <table>
                <columnTypes A="double"/>
                <row A="2.73"/>
                <row A="8.18"/>
                <row A="3.27"/>
                <row A="1.36"/>
                <row A="0.44"/>
                <row A="0.11"/>
                <row A="0.00"/>
            </table>
        </parameter>
    </group>
</parameters>