<?xml version="1.0" encoding="utf-8"?>
<parameters version="1.5" xsi:schemaLocation="http://www.wldelft.nl/fews/PI pi_modelparameters.xsd" xmlns:xsi="http://www.w3.org/2001/XMLSchema-instance" xmlns="http://www.wldelft.nl/fews/PI">
  <modifierType>BASEFLOW</modifierType>
  <modifierType>UNITHG</modifierType>
  <group id= "default">
    <parameter id="UHG_DURATION">
      <intValue>1</intValue>
    </parameter>
    <parameter id="UNIT">
      <stringValue>METRIC</stringValue>
    </parameter>
    <parameter id="UHG_INTERVAL">
      <intValue>1</intValue>
    </parameter>
    <parameter id="DRAINAGE_AREA">
      <dblValue>724.5</dblValue>
    </parameter>
    <parameter id="CONSTANT_BASE_FLOW">
      <dblValue>0.0</dblValue>
    </parameter>
    <parameter id="UHG_ORDINATES">
      <table>
        <columnTypes A="double"/>
        <row A="3.78"/>
        <row A="7.55"/>
        <row A="11.33"/>
        <row A="15.04"/>
        <row A="18.76"/>
        <row A="22.48"/>
        <row A="20.97"/>
        <row A="19.47"/>
        <row A="17.96"/>
        <row A="15.66"/>
        <row A="13.36"/>
        <row A="11.06"/>
        <row A="8.79"/>
        <row A="6.52"/>
        <row A="4.25"/>
        <row A="2.83"/>
        <row A="1.42"/>
        <row A="0.00"/>
      </table>
    </parameter>
  </group>
</parameters>
