<?xml version="1.0" encoding="utf-8"?>
<parameters version="1.5" xsi:schemaLocation="http://www.wldelft.nl/fews/PI pi_modelparameters.xsd" xmlns:xsi="http://www.w3.org/2001/XMLSchema-instance" xmlns="http://www.wldelft.nl/fews/PI">
  <modifierType>BASEFLOW</modifierType>
  <modifierType>UNITHG</modifierType>
  <group id= "default">
    <parameter id="UHG_DURATION">
      <intValue>1</intValue>
    </parameter>
    <parameter id="UNIT">
      <stringValue>METRIC</stringValue>
    </parameter>
    <parameter id="UHG_INTERVAL">
      <intValue>1</intValue>
    </parameter>
    <parameter id="DRAINAGE_AREA">
      <dblValue>2128.4</dblValue>
    </parameter>
    <parameter id="CONSTANT_BASE_FLOW">
      <dblValue>0.0</dblValue>
    </parameter>
    <parameter id="UHG_ORDINATES">
      <table>
        <columnTypes A="double"/>
        <row A="10.11"/>
        <row A="20.22"/>
        <row A="30.33"/>
        <row A="40.47"/>
        <row A="50.61"/>
        <row A="60.75"/>
        <row A="58.58"/>
        <row A="56.41"/>
        <row A="54.23"/>
        <row A="47.94"/>
        <row A="41.65"/>
        <row A="35.36"/>
        <row A="29.04"/>
        <row A="22.72"/>
        <row A="16.40"/>
        <row A="10.93"/>
        <row A="5.47"/>
        <row A="0.00"/>
      </table>
    </parameter>
  </group>
</parameters>
